"22572191","2022-01-02","nasional","https://megapolitan.kompas.com/read/2022/01/02/22572191/berisiko-jakarta-buka-sekolah-tatap-muka-100-persen-saat-omicron-merebak","Berisiko, Jakarta Buka Sekolah Tatap Muka 100 Persen Saat Omicron Merebak"
"22483741","2022-01-02","nasional","https://megapolitan.kompas.com/read/2022/01/02/22483741/modus-tahanan-kabur-di-bekasi-pura-pura-cuci-tangan-lalu-jebol-plafon","Modus Tahanan Kabur di Bekasi, Pura-Pura Cuci Tangan Lalu Jebol Plafon Toilet"
"22253021","2022-01-02","nasional","https://megapolitan.kompas.com/read/2022/01/02/22253021/77000-orang-kunjungi-tmii-selama-libur-natal-dan-tahun-baru","77.000 Orang Kunjungi TMII Selama Libur Natal dan Tahun Baru"
"22122061","2022-01-02","nasional","https://megapolitan.kompas.com/read/2022/01/02/22122061/wagub-dki-sebut-tiga-penyebab-serapan-anggaran-pemprov-jakarta-tak-capai","Wagub DKI Sebut Tiga Penyebab Serapan Anggaran Pemprov Jakarta Tak Capai Target"
"21593401","2022-01-02","nasional","https://megapolitan.kompas.com/read/2022/01/02/21593401/pergantian-tahun-sepi-belasan-ribu-orang-justru-ramaikan-tmii-hari-ini","Pergantian Tahun Sepi, Belasan Ribu Orang Justru Ramaikan TMII Hari Ini"
"21444031","2022-01-02","nasional","https://nasional.kompas.com/read/2022/01/02/21444031/jakarta-terapkan-ptm-100-persen-di-tengah-omicron-anggota-dpr-minta-tes","Jakarta Terapkan PTM 100 Persen di Tengah Omicron, Anggota DPR Minta Tes Covid-19 Acak"
"20440441","2022-01-02","nasional","https://nasional.kompas.com/read/2022/01/02/20440441/aksi-jan-ethes-tebak-nama-pemimpin-dunia-hapal-bung-karno-sampai-xi-jinping","Aksi Jan Ethes Tebak Nama Pemimpin Dunia, Hapal Bung Karno sampai Xi Jinping"
"20141771","2022-01-02","nasional","https://megapolitan.kompas.com/read/2022/01/02/20141771/jakarta-buka-belajar-tatap-muka-saat-omicron-merebak-ini-kata-wagub-dki","Jakarta Buka Belajar Tatap Muka Saat Omicron Merebak, Ini Kata Wagub DKI"
"20011361","2022-01-02","nasional","https://nasional.kompas.com/read/2022/01/02/20011361/ada-omicron-idai-rekomendasi-hanya-anak-yang-sudah-vaksin-lengkap-ikut","Ada Omicron, IDAI Rekomendasi Hanya Anak yang Sudah Vaksin Lengkap Ikut Sekolah Tatap Muka"
"19450791","2022-01-02","nasional","https://nasional.kompas.com/read/2022/01/02/19450791/aturan-baru-wajib-karantina-14-hari-bagi-wni-dari-negara-yang-terinfeksi","Aturan Baru: Wajib Karantina 14 Hari Bagi WNI dari Negara yang Terinfeksi Omicron"
"19244321","2022-01-02","nasional","https://megapolitan.kompas.com/read/2022/01/02/19244321/buntut-tahanan-kasus-pencabulan-kabur-dari-mapolres-bekasi-3-polisi","Buntut Tahanan Kasus Pencabulan Kabur dari Mapolres Bekasi, 3 Polisi Diperiksa Polda"
"18473911","2022-01-02","nasional","https://megapolitan.kompas.com/read/2022/01/02/18473911/sebelum-ditemukan-tewas-tahanan-kasus-pencabulan-kabur-dan-dikejar-ke","Sebelum Ditemukan Tewas, Tahanan Kasus Pencabulan Kabur dan Dikejar ke Arah Kali Bekasi"
"18382241","2022-01-02","nasional","https://megapolitan.kompas.com/read/2022/01/02/18382241/gangguan-jiwa-pria-yang-masturbasi-di-jok-motor-perempuan-jalani","Gangguan Jiwa, Pria yang Masturbasi di Jok Motor Perempuan Jalani Rehabilitasi"
"18273161","2022-01-02","nasional","https://megapolitan.kompas.com/read/2022/01/02/18273161/danrem-061-surya-kencana-ingatkan-bahar-bin-smith-jangan-hina-jenderal","Danrem 061 Surya Kencana Ingatkan Bahar bin Smith Jangan Hina Jenderal Dudung dan TNI"
"18215311","2022-01-02","nasional","https://nasional.kompas.com/read/2022/01/02/18215311/update-2-januari-cakupan-vaksinasi-covid-19-dosis-kedua-5479-persen-dosis","UPDATE 2 Januari: Cakupan Vaksinasi Covid-19 Dosis Kedua 54,79 Persen, Dosis Pertama 54,79 Persen"
"18163971","2022-01-02","nasional","https://nasional.kompas.com/read/2022/01/02/18163971/update-2-januari-174-kasus-baru-covid-19-di-18-provinsi-tertinggi-dki","UPDATE 2 Januari: 174 Kasus Baru Covid-19 di 18 Provinsi, Tertinggi DKI Jakarta"
"18062091","2022-01-02","nasional","https://nasional.kompas.com/read/2022/01/02/18062091/update-2-januari-2022-kasus-kematian-akibat-covid-19-bertambah-1","UPDATE 2 Januari 2022: Kasus Kematian akibat Covid-19 Bertambah 1"
"18052881","2022-01-02","nasional","https://nasional.kompas.com/read/2022/01/02/18052881/pemprov-dki-akan-terapkan-ptm-100-persen-anggota-dpr-selesaikan-dulu","Pemprov DKI Akan Terapkan PTM 100 Persen, Anggota DPR: Selesaikan Dulu Vaksinasi untuk Anak"
"17562061","2022-01-02","nasional","https://nasional.kompas.com/read/2022/01/02/17562061/update-2-januari-ada-4382-kasus-aktif-covid-19-di-indonesia","UPDATE 2 Januari: Ada 4.382 Kasus Aktif Covid-19 di Indonesia"
"17522201","2022-01-02","nasional","https://nasional.kompas.com/read/2022/01/02/17522201/ptm-terbatas-100-persen-tiap-hari-mulai-januari-2022-ini-aturan-dan","PTM Terbatas 100 Persen Tiap Hari Mulai Januari 2022, Ini Aturan dan Syaratnya"
"17513391","2022-01-02","nasional","https://nasional.kompas.com/read/2022/01/02/17513391/update-2-januari-bertambah-190-kasus-sembuh-dari-covid-19-jadi-4114689","UPDATE 2 Januari: Bertambah 190, Kasus Sembuh dari Covid-19 Jadi 4.114.689"
"17511001","2022-01-02","nasional","https://nasional.kompas.com/read/2022/01/02/17511001/update-2-januari-kasus-covid-19-di-indonesia-bertambah-174","UPDATE 2 Januari: Kasus Covid-19 di Indonesia Bertambah 174 "
"17333631","2022-01-02","nasional","https://nasional.kompas.com/read/2022/01/02/17333631/jokowi-resmi-perpanjang-status-pandemi-covid-19-di-indonesia","Jokowi Resmi Perpanjang Status Pandemi Covid-19 di Indonesia"
"17254961","2022-01-02","nasional","https://nasional.kompas.com/read/2022/01/02/17254961/idai-ptm-100-persen-bisa-digelar-jika-tak-ada-kenaikan-kasus-covid-19-dan","IDAI: PTM 100 Persen Bisa Digelar jika Tak Ada Kenaikan Kasus Covid-19 dan Transmisi Lokal Omicron"
"17230671","2022-01-02","nasional","https://nasional.kompas.com/read/2022/01/02/17230671/dpr-hanya-sahkan-8-ruu-di-2021-ketua-dpp-nasdem-potret-buram-prolegnas","DPR Hanya Sahkan 8 RUU di 2021, Ketua DPP Nasdem: Potret Buram Prolegnas"
"17153561","2022-01-02","nasional","https://nasional.kompas.com/read/2022/01/02/17153561/simak-ini-sejumlah-rekomendasi-idai-terkait-ptm-di-masa-pandemi-covid-19","Simak, Ini Sejumlah Rekomendasi IDAI Terkait PTM di Masa Pandemi Covid-19"
"17092581","2022-01-02","nasional","https://megapolitan.kompas.com/read/2022/01/02/17092581/ayah-berusaha-selamatkan-anak-saat-kebakaran-di-mampang-berujung-keduanya","Ayah Berusaha Selamatkan Anak Saat Kebakaran di Mampang Berujung Keduanya Tewas"
"17075101","2022-01-02","nasional","https://megapolitan.kompas.com/read/2022/01/02/17075101/danrem-surya-kencana-debat-dengan-bahar-bin-smith-ini-penjelasan-korem","Danrem Surya Kencana Debat dengan Bahar bin Smith, Ini Penjelasan Korem"
"16352751","2022-01-02","nasional","https://megapolitan.kompas.com/read/2022/01/02/16352751/kronologis-tersangka-kasus-pencabulan-kabur-diduga-tewas-di-kali-bekasi","Kronologis Tersangka Kasus Pencabulan Kabur Diduga Tewas di Kali Bekasi, Polisi: Ditemukan Berpakaian Tahanan"
"15580081","2022-01-02","nasional","https://megapolitan.kompas.com/read/2022/01/02/15580081/ptm-digelar-100-persen-disdik-dki-tetap-izinkan-siswa-belajar-daring-jika","PTM Digelar 100 Persen, Disdik DKI Tetap Izinkan Siswa Belajar Daring jika Orangtua Khawatir"
"15391151","2022-01-02","nasional","https://megapolitan.kompas.com/read/2022/01/02/15391151/mulai-besok-ptm-di-jakarta-digelar-senin-jumat-belajar-maksimal-6-jam","Mulai Besok PTM di Jakarta Digelar Senin-Jumat, Belajar Maksimal 6 Jam"
"15381641","2022-01-02","nasional","https://regional.kompas.com/read/2022/01/02/15381641/indeks-kebahagiaan-jateng-meningkat-ganjar-semua-tak-lepas-dari-peran","Indeks Kebahagiaan Jateng Meningkat, Ganjar: Semua Tak Lepas dari Peran Masyarakat"
"14560341","2022-01-02","nasional","https://nasional.kompas.com/read/2022/01/02/14560341/ptm-terbatas-bisa-digelar-tiap-hari-kpai-minta-pemerintah-percepat-vaksinasi","PTM Terbatas Bisa Digelar Tiap Hari, KPAI Minta Pemerintah Percepat Vaksinasi Covid-19 Anak"
"14502101","2022-01-02","nasional","https://nasional.kompas.com/read/2022/01/02/14502101/kpai-sebut-208-persen-sekolah-belum-siap-infrastruktur-tapi-tetap-gelar-ptm","KPAI Sebut 20,8 Persen Sekolah Belum Siap Infrastruktur tapi Tetap Gelar PTM Sepanjang 2021"
"14433021","2022-01-02","nasional","https://nasional.kompas.com/read/2022/01/02/14433021/kpai-temukan-pelanggaran-prokes-guru-siswa-tak-pakai-masker-saat-ptm","KPAI Temukan Pelanggaran Prokes, Guru-Siswa Tak Pakai Masker Saat PTM Terbatas"
"14252141","2022-01-02","nasional","https://megapolitan.kompas.com/read/2022/01/02/14252141/mulai-besok-ptm-di-jakarta-digelar-setiap-hari-kapasitas-kelas-100-persen","Mulai Besok, PTM di Jakarta Digelar Setiap Hari, Kapasitas Kelas 100 Persen"
"14161731","2022-01-02","nasional","https://megapolitan.kompas.com/read/2022/01/02/14161731/rampung-penataan-trotoar-margonda-depok-sepanjang-700-meter-habiskan-rp","Rampung, Penataan Trotoar Margonda Depok Sepanjang 700 Meter Habiskan Rp 2,5 Miliar"
"14022601","2022-01-02","nasional","https://megapolitan.kompas.com/read/2022/01/02/14022601/pemulung-di-bekasi-bekap-dan-cabuli-remaja-di-toilet-umum-korban-diberi","Pemulung di Bekasi Bekap dan Cabuli Remaja di Toilet Umum, Korban Diberi Rp 2.000"
"13570661","2022-01-02","nasional","https://nasional.kompas.com/read/2022/01/02/13570661/update-pasien-covid-19-di-rsdc-wisma-atlet-bertambah-96","UPDATE: Pasien Covid-19 di RSDC Wisma Atlet Bertambah 96"
"13464761","2022-01-02","nasional","https://nasional.kompas.com/read/2022/01/02/13464761/temuan-kpai-kesiapan-sekolah-di-perkotaan-gelar-ptm-tinggi","Temuan KPAI: Kesiapan Sekolah di Perkotaan Gelar PTM Tinggi"
"13222261","2022-01-02","nasional","https://megapolitan.kompas.com/read/2022/01/02/13222261/kekecewaan-agus-sekeluarga-naik-taksi-dari-bekasi-habis-rp-300000-tapi","Kekecewaan Agus Sekeluarga, Naik Taksi dari Bekasi Habis Rp 300.000, tapi Gagal Liburan di Ancol"
"13164871","2022-01-02","nasional","https://nasional.kompas.com/read/2022/01/02/13164871/5-opsi-dari-brin-bagi-ilmuwan-eijkman-setelah-integrasi","5 Opsi dari BRIN bagi Ilmuwan Eijkman Setelah Integrasi"
"12532491","2022-01-02","nasional","https://nasional.kompas.com/read/2022/01/02/12532491/danrem-surya-kencana-datangi-ponpes-ini-kata-pihak-bahar-smith","Danrem Surya Kencana Datangi Ponpes, Ini Kata Pihak Bahar Smith"
"12400011","2022-01-02","nasional","https://nasional.kompas.com/read/2022/01/02/12400011/resolusi-bahari-2022-wujudkan-dubes-maritim","Resolusi Bahari 2022: Wujudkan Dubes Maritim"
"11483511","2022-01-02","nasional","https://megapolitan.kompas.com/read/2022/01/02/11483511/kronologi-tahanan-kasus-pencabulan-di-polres-bekasi-kabur-jebol-plafon","Kronologi Tahanan Kasus Pencabulan di Polres Bekasi Kabur, Jebol Plafon lalu Tercebur ke Kali"
"11432321","2022-01-02","nasional","https://nasional.kompas.com/read/2022/01/02/11432321/tes-wawancara-calon-anggota-kpu-bawaslu-dinilai-bermasalah","Tes Wawancara Calon Anggota KPU-Bawaslu Dinilai Bermasalah"
"11343091","2022-01-02","nasional","https://nasional.kompas.com/read/2022/01/02/11343091/komnas-kipi-sebut-2-anak-meninggal-di-jombang-dan-bone-tak-terkait-vaksinasi","Komnas KIPI Sebut 2 Anak Meninggal di Jombang dan Bone Tak Terkait Vaksinasi Covid-19"
"11202561","2022-01-02","nasional","https://megapolitan.kompas.com/read/2022/01/02/11202561/kawasan-wisata-ancol-padat-banyak-pengunjung-tak-kebagian-tiket","Kawasan Wisata Ancol Padat, Banyak Pengunjung Tak Kebagian Tiket"
"11102151","2022-01-02","nasional","https://megapolitan.kompas.com/read/2022/01/02/11102151/bengkel-terbakar-di-mampang-diduga-akibat-puntung-rokok-jatuh-ke-spiritus","Bengkel Terbakar di Mampang, Diduga akibat Puntung Rokok Jatuh ke Spiritus"
"11062481","2022-01-02","nasional","https://megapolitan.kompas.com/read/2022/01/02/11062481/tahanan-kasus-pencabulan-di-polres-bekasi-kota-kabur-ditemukan-tewas-di","Tahanan Kasus Pencabulan di Polres Bekasi Kota Kabur, Ditemukan Tewas di Kali"
"10594911","2022-01-02","nasional","https://nasional.kompas.com/read/2022/01/02/10594911/ketua-dpr-rakyat-tetap-bangga-atas-perjuangan-timnas-di-aff-2020","Ketua DPR: Rakyat Tetap Bangga atas Perjuangan Timnas di AFF 2020"
"10592891","2022-01-02","nasional","https://megapolitan.kompas.com/read/2022/01/02/10592891/tahanan-polres-metro-bekasi-kota-kabur","Tahanan Polres Metro Bekasi Kota Kabur"
"10540901","2022-01-02","nasional","https://nasional.kompas.com/read/2022/01/02/10540901/keterlibatan-tentara-dalam-pengiriman-pmi-ilegal-yang-tenggelam-di-malaysia","Keterlibatan Tentara dalam Pengiriman PMI Ilegal yang Tenggelam di Malaysia"
"10341941","2022-01-02","nasional","https://megapolitan.kompas.com/read/2022/01/02/10341941/bengkel-di-mampang-prapatan-terbakar-2-tewas","Bengkel di Mampang Prapatan Terbakar, 2 Tewas"
"10240021","2022-01-02","nasional","https://megapolitan.kompas.com/read/2022/01/02/10240021/saling-lapor-sopir-taksi-online-dan-penumpang-yang-berujung-damai","Saling Lapor Sopir Taksi Online dan Penumpang yang Berujung Damai..."
"09514081","2022-01-02","nasional","https://nasional.kompas.com/read/2022/01/02/09514081/penjelasan-brin-soal-kabar-ilmuwan-eijkman-diberhentikan-tanpa-pesangon","Penjelasan BRIN soal Kabar Ilmuwan Eijkman Diberhentikan Tanpa Pesangon"
"08441501","2022-01-02","nasional","https://nasional.kompas.com/read/2022/01/02/08441501/jokowi-timnas-indonesia-sudah-berjuang-dengan-gigih-saya-tetap-bangga","Jokowi: Timnas Indonesia Sudah Berjuang dengan Gigih, Saya Tetap Bangga"
"07394281","2022-01-02","nasional","https://megapolitan.kompas.com/read/2022/01/02/07394281/harapan-anies-2022-warga-ucapkan-syukur-bisa-tinggal-di-jakarta","Harapan Anies 2022: Warga Ucapkan Syukur Bisa Tinggal di Jakarta"
"06550661","2022-01-02","nasional","https://megapolitan.kompas.com/read/2022/01/02/06550661/anies-menyaksikan-warga-ceria-lampaui-kebahagiaan-memandang-bangunan-apa","Anies: Menyaksikan Warga Ceria Lampaui Kebahagiaan Memandang Bangunan Apa Pun"
"06455581","2022-01-02","nasional","https://nasional.kompas.com/read/2022/01/02/06455581/update-1-januari-pasien-covid-19-di-wisma-atlet-bertambah-74","UPDATE 1 Januari: Pasien Covid-19 di Wisma Atlet Bertambah 74"
"230000870","2022-01-02","global","https://www.kompas.com/global/read/2022/01/02/230000870/total-kasus-covid-19-di-eropa-lampaui-100-juta","Total Kasus Covid-19 di Eropa Lampaui 100 Juta"
"223000170","2022-01-02","global","https://www.kompas.com/global/read/2022/01/02/223000170/intel-afghanistan-buang-3.000-liter-miras-hasil-penggerebekan-ke-kanal","Intel Afghanistan Buang 3.000 Liter Miras Hasil Penggerebekan ke Kanal"
"215602270","2022-01-02","global","https://www.kompas.com/global/read/2022/01/02/215602270/israel-balas-serangan-roket-dari-gaza-tembaki-pos-hamas","Israel Balas Serangan Roket dari Gaza, Tembaki Pos Hamas"
"203503770","2022-01-02","global","https://www.kompas.com/global/read/2022/01/02/203503770/33-tahun-usai-diculik-pria-ini-bertemu-ibu-kandungnya-berkat-gambar-desa","33 Tahun Usai Diculik, Pria Ini Bertemu Ibu Kandungnya berkat Gambar Desa dari Ingatannya"
"195531070","2022-01-02","global","https://www.kompas.com/global/read/2022/01/02/195531070/cosplayer-jepang-pose-telanjang-di-bak-mandi-untuk-sesi-foto-gegerkan","Cosplayer Jepang Pose Telanjang di Bak Mandi untuk Sesi Foto, Gegerkan Dunia Maya"
"190100070","2022-01-02","global","https://www.kompas.com/global/read/2022/01/02/190100070/menlu-israel--kami-tak-perlu-izin-as-untuk-serang-iran","Menlu Israel: Kami Tak Perlu Izin AS untuk Serang Iran"
"183000870","2022-01-02","global","https://www.kompas.com/global/read/2022/01/02/183000870/kebakaran-besar-di-parlemen-afrika-selatan-api-tak-terkendali","Kebakaran Besar di Parlemen Afrika Selatan, Api Tak Terkendali"
"181800470","2022-01-02","global","https://www.kompas.com/global/read/2022/01/02/181800470/jurnalis-selandia-baru-sajikan-berita-dengan-tato-wajah-suku-maori-untuk","Jurnalis Selandia Baru Sajikan Berita dengan Tato Wajah Suku Maori untuk Pertama Kalinya"
"180000070","2022-01-02","global","https://www.kompas.com/global/read/2022/01/02/180000070/dulu-melarang-bioskop-arab-saudi-kini-menggelar-festival-film-besar","Dulu Melarang Bioskop, Arab Saudi Kini Menggelar Festival Film Besar"
"173800970","2022-01-02","global","https://www.kompas.com/global/read/2022/01/02/173800970/kembang-api-tahun-baru-di-uni-emirat-arab-pecahkan-2-rekor-dunia","Kembang Api Tahun Baru di Uni Emirat Arab Pecahkan 2 Rekor Dunia"
"172500470","2022-01-02","global","https://www.kompas.com/global/read/2022/01/02/172500470/lebih-dari-2.600-penerbangan-dibatalkan-bandara-as-kacau","Lebih dari 2.600 Penerbangan Dibatalkan, Bandara AS Kacau"
"170000070","2022-01-02","global","https://www.kompas.com/global/read/2022/01/02/170000070/pakai-jam-tangan-mahal-pria-ini-tolak-pemeriksaan-logam-di-bandara-india","Pakai Jam Tangan Mahal, Pria Ini Tolak Pemeriksaan Logam di Bandara India"
"165000070","2022-01-02","global","https://www.kompas.com/global/read/2022/01/02/165000070/jarang-terjadi-orang-asing-masuk-korut-dari-korsel-saat-tahun-baru-2022","Jarang Terjadi, Orang Asing Masuk Korut dari Korsel Saat Tahun Baru 2022"
"162100470","2022-01-02","global","https://www.kompas.com/global/read/2022/01/02/162100470/denmark-berambisi-penerbangan-domestiknya-tak-pakai-bahan-bakar-fosil","Denmark Berambisi Penerbangan Domestiknya Tak Pakai Bahan Bakar Fosil pada 2030"
"155000670","2022-01-02","global","https://www.kompas.com/global/read/2022/01/02/155000670/2-roket-dari-gaza-jatuh-di-laut-israel","2 Roket dari Gaza Jatuh di Laut Israel"
"153300870","2022-01-02","global","https://www.kompas.com/global/read/2022/01/02/153300870/proyek-mangkrak-freedom-ship--diklaim-lebih-besar-dari-titanic-muat-100","Proyek Mangkrak Freedom Ship: Diklaim Lebih Besar dari Titanic, Muat 100 Ribu Orang"
"152100570","2022-01-02","global","https://www.kompas.com/global/read/2022/01/02/152100570/2-januari-1942--duquesne-spy-ring-dihukum-jadi-kasus-spionase-terbesar","2 Januari 1942: Duquesne Spy Ring Dihukum, Jadi Kasus Spionase Terbesar dalam Sejarah AS"
"150100570","2022-01-02","global","https://www.kompas.com/global/read/2022/01/02/150100570/uni-eropa-berencana-labeli-nuklir-dan-gas-alam-sebagai-investasi-hijau","Uni Eropa Berencana Labeli Nuklir dan Gas Alam Sebagai Investasi Hijau"
"141500070","2022-01-02","global","https://www.kompas.com/global/read/2022/01/02/141500070/thailand-diguncang-enam-ledakan-bom-saat-malam-tahun-baru","Thailand Diguncang Enam Ledakan Bom saat Malam Tahun Baru"
"134100570","2022-01-02","global","https://www.kompas.com/global/read/2022/01/02/134100570/teriakan-matilah-amerika-menggema-di-baghdad-peringati-tewasnya-jenderal","Teriakan ""Matilah Amerika"" Menggema di Baghdad, Peringati Tewasnya Jenderal Iran"
"132000470","2022-01-02","global","https://www.kompas.com/global/read/2022/01/02/132000470/penjualan-meningkat-pesat-china-segera-hapus-subsidi-kendaraan-listrik","Penjualan Meningkat Pesat, China Segera Hapus Subsidi Kendaraan Listrik"
"130100870","2022-01-02","global","https://www.kompas.com/global/read/2022/01/02/130100870/perancis-jadi-negara-keenam-yang-laporkan-10-juta-kasus-covid-19","Perancis Jadi Negara Keenam yang Laporkan 10 Juta Kasus Covid-19"
"124838070","2022-01-02","global","https://www.kompas.com/global/read/2022/01/02/124838070/ranjau-ledakan-gerilya-kisruh-kelompok-bersenjata-di-afrika-tengah","Ranjau, Ledakan, Gerilya: Kisruh Kelompok Bersenjata di Afrika Tengah"
"123100070","2022-01-02","global","https://www.kompas.com/global/read/2022/01/02/123100070/israel-awali-tahun-2022-dengan-serang-jalur-gaza","Israel Awali Tahun 2022 dengan Serang Jalur Gaza"
"123100770","2022-01-02","global","https://www.kompas.com/global/read/2022/01/02/123100770/pembelotan-langka-warga-korsel-menyeberang-ke-korut","Pembelotan Langka, Warga Korsel Menyeberang ke Korut"
"120300770","2022-01-02","global","https://www.kompas.com/global/read/2022/01/02/120300770/reaksi-media-thailand-usai-laga-final-piala-aff-termasuk-singgung","Reaksi Media Thailand Usai Laga Final Piala AFF, Termasuk Singgung Kekecewaan Indonesia Terus Berlanjut"
"113100870","2022-01-02","global","https://www.kompas.com/global/read/2022/01/02/113100870/covid-19-kembali-merebak-di-antarktika","Covid-19 Kembali Merebak di Antarktika"
"104500070","2022-01-02","global","https://www.kompas.com/global/read/2022/01/02/104500070/taliban-perintahkan-penggal-manekin-sebut-melenceng-dari-syariat","Taliban Perintahkan Penggal Manekin, Sebut Melenceng dari Syariat"
"101000770","2022-01-02","global","https://www.kompas.com/global/read/2022/01/02/101000770/perancis-akan-longgarkan-aturan-isolasi-kasus-covid-19-ini-alasannya","Perancis Akan Longgarkan Aturan Isolasi Kasus Covid-19, Ini Alasannya"
"092900270","2022-01-02","global","https://www.kompas.com/global/read/2022/01/02/092900270/israel-serang-gaza-disebut-sebagai-aksi-balasan","Israel Serang Gaza, Disebut Sebagai Aksi Balasan"
"082900870","2022-01-02","global","https://www.kompas.com/global/read/2022/01/02/082900870/peringati-hari-antikorupsi-sedunia-ukraina-beri-penghormatan-terhadap","Peringati Hari Antikorupsi Sedunia, Ukraina Beri Penghormatan Terhadap Sosok Jenderal Hoegeng"
"080100070","2022-01-02","global","https://www.kompas.com/global/read/2022/01/02/080100070/malaysia-tangguhkan-perjalanan-umrah-untuk-tekan-penyebaran-omicron","Malaysia Tangguhkan Perjalanan Umrah untuk Tekan Penyebaran Omicron"
"073000170","2022-01-02","global","https://www.kompas.com/global/read/2022/01/02/073000170/kebakaran-hutan-di-colorado-sebabkan-1000-rumah-hancur-dan-puluhan-ribu","Kebakaran Hutan di Colorado Sebabkan 1.000 Rumah Hancur dan Puluhan Ribu Orang Mengungsi"
"070000470","2022-01-02","global","https://www.kompas.com/global/read/2022/01/02/070000470/marak-kasus-kdrt-paus-fransiskus--menyakiti-wanita-berarti-menghina-tuhan","Marak Kasus KDRT, Paus Fransiskus: ""Menyakiti Wanita Berarti Menghina Tuhan"""
"063000570","2022-01-02","global","https://www.kompas.com/global/read/2022/01/02/063000570/kim-jong-un-akui-korut-alami-masalah-pangan-dalam-pidato-akhir-tahunnya","Kim Jong Un Akui Korut Alami Masalah Pangan dalam Pidato Akhir Tahunnya"
"061400370","2022-01-02","global","https://www.kompas.com/global/read/2022/01/02/061400370/unik-global--wajah-tercantik-dan-tertampan-dunia-2021-kakek-di-as-lulus","UNIK GLOBAL: Wajah Tercantik dan Tertampan Dunia 2021 | Kakek di AS Lulus Sarjana Bersama Cucu"
"230218078","2022-01-02","regional","https://regional.kompas.com/read/2022/01/02/230218078/lawan-polisi-saat-patroli-malam-tahun-baru-2-pemuda-di-ntt-ditangkap","Lawan Polisi Saat Patroli Malam Tahun Baru, 2 Pemuda di NTT Ditangkap"
"223956378","2022-01-02","regional","https://regional.kompas.com/read/2022/01/02/223956378/lepas-dari-pengawasan-orangtua-bocah-7-tahun-tewas-tenggelam-di-kolam","Lepas dari Pengawasan Orangtua, Bocah 7 Tahun Tewas Tenggelam di Kolam Renang"
"222644278","2022-01-02","regional","https://surabaya.kompas.com/read/2022/01/02/222644278/pengendara-motor-di-kediri-tewas-tertabrak-kereta-api","Pengendara Motor di Kediri Tewas Tertabrak Kereta Api"
"222608178","2022-01-02","regional","https://regional.kompas.com/read/2022/01/02/222608178/update-covid-19-di-kalteng-kaltim-kaltara-gorontalo-sulbar-sulsel-dan","UPDATE Covid-19 di Kalteng, Kaltim, Kaltara, Gorontalo, Sulbar, Sulsel, dan Sultra 2 Januari 2022"
"222050178","2022-01-02","regional","https://regional.kompas.com/read/2022/01/02/222050178/update-covid-19-di-jabar-jateng-banten-sumsel-babel-dan-lampung-2-januari","UPDATE Covid-19 di Jabar, Jateng, Banten, Sumsel, Babel, dan Lampung 2 Januari 2022"
"221357078","2022-01-02","regional","https://bandung.kompas.com/read/2022/01/02/221357078/pohon-tumbang-timpa-wisatawan-yang-sedang-berenang-di-tasikmalaya-5-orang","Pohon Tumbang Timpa Wisatawan yang Sedang Berenang di Tasikmalaya, 5 Orang Alami Luka"
"215103878","2022-01-02","regional","https://surabaya.kompas.com/read/2022/01/02/215103878/warga-surabaya-terinfeksi-omicron-eri-cahyadi-saya-titip-dijaga-prokesnya","Warga Surabaya Terinfeksi Omicron, Eri Cahyadi: Saya Titip Dijaga Prokesnya"
"212243678","2022-01-02","regional","https://regional.kompas.com/read/2022/01/02/212243678/terprovokasi-potongan-video-ceramah-massa-rusak-ponpes-di-lombok-timur","Terprovokasi Potongan Video Ceramah, Massa Rusak Ponpes di Lombok Timur"
"205146378","2022-01-02","regional","https://regional.kompas.com/read/2022/01/02/205146378/polisi-selidiki-peluru-misterius-tembus-atap-rumah-warga-di-ntt","Polisi Selidiki Peluru Misterius Tembus Atap Rumah Warga di NTT"
"204000778","2022-01-02","regional","https://regional.kompas.com/read/2022/01/02/204000778/update-covid-19-di-aceh-sumut-sumbar-riau-kepri-jambi-dan-bengkulu-2","Update Covid-19 di Aceh, Sumut, Sumbar, Riau, Kepri, Jambi, dan Bengkulu 2 Januari 2022"
"201838678","2022-01-02","regional","https://denpasar.kompas.com/read/2022/01/02/201838678/pasien-omicron-jatim-menginap-dan-berwisata-di-bali-dinkes-bali-lacak","Pasien Omicron Jatim Menginap dan Berwisata di Bali, Dinkes Bali Lacak Kontak Erat"
"194812578","2022-01-02","regional","https://regional.kompas.com/read/2022/01/02/194812578/seorang-imigran-asal-palestina-kabur-dari-rudenim-pasuruan-bawa-lari-mobil","Seorang Imigran Asal Palestina Kabur dari Rudenim Pasuruan, Bawa Lari Mobil Dinas"
"193748878","2022-01-02","regional","https://regional.kompas.com/read/2022/01/02/193748878/update-covid-19-di-jatim-diy-bali-ntb-ntt-kalbar-dan-kalsel-2-januari-2022","UPDATE Covid-19 di Jatim, DIY, Bali, NTB, NTT, Kalbar, dan Kalsel 2 Januari 2022"
"192625478","2022-01-02","regional","https://regional.kompas.com/read/2022/01/02/192625478/guru-pesantren-perkosa-santriwati-kasus-terbongkar-usai-korban-lahirkan","Guru Pesantren Perkosa Santriwati, Kasus Terbongkar Usai Korban Lahirkan Bayi di Kamar Mandi Asrama"
"191840378","2022-01-02","regional","https://surabaya.kompas.com/read/2022/01/02/191840378/khofifah-minta-warganya-tidak-panik-terkait-temuan-omicron-di-jatim","Khofifah Minta Warganya Tidak Panik Terkait Temuan Omicron di Jatim"
"185324578","2022-01-02","regional","https://regional.kompas.com/read/2022/01/02/185324578/sungai-meluap-puluhan-rumah-warga-di-seram-maluku-terendam-banjir","Sungai Meluap, Puluhan Rumah Warga di Seram Maluku Terendam Banjir"
"181439778","2022-01-02","regional","https://regional.kompas.com/read/2022/01/02/181439778/modus-perbaiki-kompor-gas-2-remaja-di-minahasa-curi-perhiasan-lansia","Modus Perbaiki Kompor Gas, 2 Remaja di Minahasa Curi Perhiasan Lansia"
"180843378","2022-01-02","regional","https://regional.kompas.com/read/2022/01/02/180843378/kapal-berisi-9-orang-karam-di-perairan-malaysia-1-korban-diduga-hanyut-ke","Kapal Berisi 9 Orang Karam di Perairan Malaysia, 1 Korban Diduga Hanyut ke Laut Indonesia"
"175017878","2022-01-02","regional","https://regional.kompas.com/read/2022/01/02/175017878/agen-perjalanan-diduga-telantarkan-puluhan-pendaki-hingga-hipotermia-di","Agen Perjalanan Diduga Telantarkan Puluhan Pendaki hingga Hipotermia di Gunung Rinjani, Polisi Mulai Penyelidikan"
"174346478","2022-01-02","regional","https://regional.kompas.com/read/2022/01/02/174346478/pps-alobi-lepasliarkan-20-ekor-elang-hasil-sitaan-selama-2021","PPS Alobi Lepasliarkan 20 Ekor Elang Hasil Sitaan Selama 2021"
"172622378","2022-01-02","regional","https://surabaya.kompas.com/read/2022/01/02/172622378/fortuner-terbalik-di-tol-solo-ngawi-2-penumpang-tewas","Fortuner Terbalik di Tol Solo-Ngawi, 2 Penumpang Tewas"
"170855678","2022-01-02","regional","https://regional.kompas.com/read/2022/01/02/170855678/2-remaja-putri-di-pulau-sebatik-terseret-gelombang-saat-berwisata-tahun","2 Remaja Putri di Pulau Sebatik Terseret Gelombang Saat Berwisata Tahun Baru"
"170012478","2022-01-02","regional","https://regional.kompas.com/read/2022/01/02/170012478/tiba-di-bandara-pattimura-kapolda-maluku-yang-baru-disambut-tari-lenso","Tiba di Bandara Pattimura, Kapolda Maluku yang Baru Disambut Tari Lenso"
"165856978","2022-01-02","regional","https://bandung.kompas.com/read/2022/01/02/165856978/tenggak-miras-di-pinggir-rel-pemuda-mabuk-tewas-tertabrak-kereta-api","Tenggak Miras di Pinggir Rel, Pemuda Mabuk Tewas Tertabrak Kereta Api"
"165542778","2022-01-02","regional","https://makassar.kompas.com/read/2022/01/02/165542778/keluarga-minta-video-penganiayaan-imam-masjid-di-luwu-tak-lagi-disebarkan","Keluarga Minta Video Penganiayaan Imam Masjid di Luwu Tak Lagi Disebarkan"
"163047178","2022-01-02","regional","https://surabaya.kompas.com/read/2022/01/02/163047178/omicron-terdeteksi-di-jatim-satgas-jangan-sampai-ada-penularan-lokal","Omicron Terdeteksi di Jatim, Satgas: Jangan Sampai Ada Penularan Lokal"
"162743678","2022-01-02","regional","https://regional.kompas.com/read/2022/01/02/162743678/kisah-bripka-ripal-sisihkan-gaji-untuk-bantu-anak-lumpuh-di-indragiri-hulu","Kisah Bripka Ripal, Sisihkan Gaji untuk Bantu Anak Lumpuh di Indragiri Hulu"
"162200178","2022-01-02","regional","https://regional.kompas.com/read/2022/01/02/162200178/banjir-karena-luapan-sungai-di-aceh-utara-terus-meluas-sudah-10-kecamatan","Banjir karena Luapan Sungai di Aceh Utara Terus Meluas, Sudah 10 Kecamatan Terendam"
"160843478","2022-01-02","regional","https://regional.kompas.com/read/2022/01/02/160843478/usai-tagih-utang-rp-4-juta-ke-kekasih-gelapnya-perempuan-di-banyumas","Usai Tagih Utang Rp 4 Juta ke Kekasih Gelapnya, Perempuan di Banyumas Ditemukan Tewas"
"160536378","2022-01-02","regional","https://surabaya.kompas.com/read/2022/01/02/160536378/pasien-omicron-di-jatim-warga-surabaya-baru-pulang-dari-bali","Pasien Omicron di Jatim Warga Surabaya, Baru Pulang dari Bali"
"160102478","2022-01-02","regional","https://regional.kompas.com/read/2022/01/02/160102478/guru-pemerkosa-murid-yang-melahirkan-di-asrama-ternyata-residivis-kasus","Guru Pemerkosa Murid yang Melahirkan di Asrama Ternyata Residivis Kasus Pencabulan"
"154322178","2022-01-02","regional","https://regional.kompas.com/read/2022/01/02/154322178/kronologi-seorang-siswa-sma-dikeroyok-orang-tak-dikenal-berawal-dipanggil","Kronologi Seorang Siswa SMA Dikeroyok Orang Tak Dikenal, Berawal Dipanggil dan Dituduh Menyerempet"
"154018878","2022-01-02","regional","https://regional.kompas.com/read/2022/01/02/154018878/komplotan-begal-ditangkap-setelah-korbannya-kabur-ke-pos-polisi","Komplotan Begal Ditangkap Setelah Korbannya Kabur ke Pos Polisi"
"152812378","2022-01-02","regional","https://surabaya.kompas.com/read/2022/01/02/152812378/satgas-covid-19-benar-varian-omicron-sudah-terdeteksi-di-jatim","Satgas Covid-19: Benar Varian Omicron Sudah Terdeteksi di Jatim"
"152807278","2022-01-02","regional","https://yogyakarta.kompas.com/read/2022/01/02/152807278/pelajar-di-yogyakarta-jadi-korban-klitih-pada-malam-tahun-baru-luka-di","Pelajar di Yogyakarta Jadi Korban Klitih pada Malam Tahun Baru, Luka di Punggung"
"150905578","2022-01-02","regional","https://regional.kompas.com/read/2022/01/02/150905578/pria-yang-bunuh-kekasih-gelapnya-ditangkap-polisi-korban-tewas-disetrum","Pria yang Bunuh Kekasih Gelapnya Ditangkap Polisi, Korban Tewas Disetrum"
"150902878","2022-01-02","regional","https://surabaya.kompas.com/read/2022/01/02/150902878/satu-korban-kapal-nelayan-tersambar-petir-di-situbondo-belum-ditemukan","Satu Korban Kapal Nelayan Tersambar Petir di Situbondo Belum Ditemukan"
"145605078","2022-01-02","regional","https://regional.kompas.com/read/2022/01/02/145605078/banjir-di-aceh-timur-semakin-parah-rumah-warga-hingga-jembatan-rusak","Banjir di Aceh Timur Semakin Parah, Rumah Warga hingga Jembatan Rusak"
"144213978","2022-01-02","regional","https://denpasar.kompas.com/read/2022/01/02/144213978/dilaporkan-hilang-nelayan-di-bali-ditemukan-terdampar-setelah-terombang","Dilaporkan Hilang, Nelayan di Bali Ditemukan Terdampar Setelah Terombang-ambing 20 Jam di Laut"
"142547678","2022-01-02","regional","https://bandung.kompas.com/read/2022/01/02/142547678/bahar-bin-smith-akan-diperiksa-polda-jabar-terkait-dugaan-ujaran-kebencian","Bahar bin Smith Akan Diperiksa Polda Jabar Terkait Dugaan Ujaran Kebencian, Berikut Sederet Faktanya"
"141238178","2022-01-02","regional","https://bandung.kompas.com/read/2022/01/02/141238178/hari-kedua-2022-35825-kendaraan-masuk-ke-puncak-bogor","Hari Kedua 2022, 35.825 Kendaraan Masuk ke Puncak Bogor "
"140154978","2022-01-02","regional","https://makassar.kompas.com/read/2022/01/02/140154978/kontraktor-di-makassar-didenda-rp-7-juta-per-hari-karena-tak-selesaikan","Kontraktor di Makassar Didenda Rp 7 Juta per Hari karena Tak Selesaikan Proyek Tepat Waktu"
"135449178","2022-01-02","regional","https://regional.kompas.com/read/2022/01/02/135449178/kasus-ayah-cabuli-anak-di-ketapang-terungkap-saat-korban-kabur-dari-rumah","Kasus Ayah Cabuli Anak di Ketapang Terungkap Saat Korban Kabur dari Rumah"
"135259878","2022-01-02","regional","https://regional.kompas.com/read/2022/01/02/135259878/pengunjung-sudah-70-persen-polisi-minta-kendaraan-menuju-anyer-putar-balik","Pengunjung Sudah 70 Persen, Polisi Minta Kendaraan Menuju Anyer Putar Balik"
"134500178","2022-01-02","regional","https://regional.kompas.com/read/2022/01/02/134500178/pemkot-yogyakarta-rampungkan-37-proyek-strategis-selama-2021-total-anggaran","Pemkot Yogyakarta Rampungkan 37 Proyek Strategis Selama 2021, Total Anggaran Rp 78,6 Miliar"
"132757278","2022-01-02","regional","https://regional.kompas.com/read/2022/01/02/132757278/3-hari-pencarian-bocah-terseret-arus-sungai-sadan-ditemukan-di-lubang-batu","3 Hari Pencarian, Bocah Terseret Arus Sungai Sa'dan Ditemukan di Lubang Batu"
"130819078","2022-01-02","regional","https://medan.kompas.com/read/2022/01/02/130819078/jadi-tersangka-pemuda-di-medan-yang-bunuh-begal-karena-bela-diri-tidak-ditahan","Jadi Tersangka, Pemuda di Medan yang Bunuh Begal karena Bela Diri Tidak Ditahan"
"130726178","2022-01-02","regional","https://makassar.kompas.com/read/2022/01/02/130726178/komnas-kipi-pastikan-anak-di-bone-meninggal-karena-penyakit-jantung-bukan","Komnas KIPI Pastikan Anak di Bone Meninggal karena Penyakit Jantung, Bukan Vaksin Covid-19"
"130246978","2022-01-02","regional","https://regional.kompas.com/read/2022/01/02/130246978/gempa-pertama-tahun-2022-lombok-diguncang-m-32","Gempa Pertama Tahun 2022, Lombok Diguncang M 3,2"
"124938578","2022-01-02","regional","https://regional.kompas.com/read/2022/01/02/124938578/siswa-sma-di-kupang-babak-belur-dikeroyok-orang-tak-dikenal","Siswa SMA di Kupang Babak Belur Dikeroyok Orang Tak Dikenal"
"124744478","2022-01-02","regional","https://regional.kompas.com/read/2022/01/02/124744478/banjir-di-rokan-hulu-sisakan-lumpur-dan-sampah-plastik-anggota-tni-dan","Banjir di Rokan Hulu Sisakan Lumpur dan Sampah Plastik, Anggota TNI dan Polri Diterjunkan Bantu Pembersihan"
"123221378","2022-01-02","regional","https://bandung.kompas.com/read/2022/01/02/123221378/kapendam-siliwangi-ungkap-alasan-danrem-surya-kencana-datangi-ponpes-bahar","Kapendam Siliwangi Ungkap Alasan Danrem Surya Kencana Datangi Ponpes Bahar bin Smith"
"123126978","2022-01-02","regional","https://regional.kompas.com/read/2022/01/02/123126978/seorang-ayah-di-ketapang-kalbar-cabuli-anak-kandung-sejak-2015","Seorang Ayah di Ketapang Kalbar Cabuli Anak Kandung Sejak 2015 "
"120654378","2022-01-02","regional","https://bandung.kompas.com/read/2022/01/02/120654378/polisi-bakal-panggil-pengunggah-video-ceramah-bahar-bin-smith-di-youtube","Polisi Bakal Panggil Pengunggah Video Ceramah Bahar Bin Smith di Youtube"
"120416278","2022-01-02","regional","https://regional.kompas.com/read/2022/01/02/120416278/penyebab-jembatan-tambakboyo-senilai-rp-108-miliar-ambruk","Penyebab Jembatan Tambakboyo Senilai Rp 10,8 Miliar Ambruk"
"112435478","2022-01-02","regional","https://regional.kompas.com/read/2022/01/02/112435478/perempuan-di-banyumas-tewas-disetrum-kekasih-gelapnya","Perempuan di Banyumas Tewas Disetrum Kekasih Gelapnya"
"111939578","2022-01-02","regional","https://regional.kompas.com/read/2022/01/02/111939578/2-bola-tenis-berisi-sabu-5879-gram-dilempar-ke-lapas-semarang","2 Bola Tenis Berisi Sabu 58,79 Gram Dilempar ke Lapas Semarang"
"104525478","2022-01-02","regional","https://regional.kompas.com/read/2022/01/02/104525478/pemuda-mabuk-di-tasikmalaya-tewas-tertabrak-kereta-api-saat-cari-kunci","Pemuda Mabuk di Tasikmalaya Tewas Tertabrak Kereta Api Saat Cari Kunci Motor"
"102306978","2022-01-02","regional","https://regional.kompas.com/read/2022/01/02/102306978/5-fakta-kasus-sampo-palsu-di-tangerang-3-tahun-beroperasi-hingga-keuntungan","5 Fakta Kasus Sampo Palsu di Tangerang: 3 Tahun Beroperasi hingga Keuntungan Rp 200 Juta Per Bulan"
"095645378","2022-01-02","regional","https://regional.kompas.com/read/2022/01/02/095645378/timba-air-di-pinggir-kali-seorang-siswi-sma-tewas-diterkam-buaya-begini","Timba Air di Pinggir Kali, Seorang Siswi SMA Tewas Diterkam Buaya, Begini Ceritanya"
"094258478","2022-01-02","regional","https://regional.kompas.com/read/2022/01/02/094258478/bmkg-waspada-hujan-lebat-disertai-angin-kencang-di-wilayah-ini","BMKG: Waspada Hujan Lebat Disertai Angin Kencang di Wilayah Ini"
"093607278","2022-01-02","regional","https://regional.kompas.com/read/2022/01/02/093607278/bksda-bengkulu-tindaklanjuti-laporan-harimau-mangsa-sapi-warga","BKSDA Bengkulu Tindaklanjuti Laporan Harimau Mangsa Sapi Warga"
"092046578","2022-01-02","regional","https://regional.kompas.com/read/2022/01/02/092046578/bangkai-paus-sepanjang-12-meter-terdampar-di-pantai-panfolok-kupang","Bangkai Paus Sepanjang 12 Meter Terdampar di Pantai Panfolok Kupang"
"091012378","2022-01-02","regional","https://regional.kompas.com/read/2022/01/02/091012378/detik-detik-kapal-berisi-20-nelayan-tersambar-petir-saat-melaut-hingga","Detik-detik Kapal Berisi 20 Nelayan Tersambar Petir Saat Melaut hingga Mengakibatkan 4 Orang Tewas"
"085841978","2022-01-02","regional","https://regional.kompas.com/read/2022/01/02/085841978/selama-2021-ada-35-perkara-korupsi-di-banten-3-ajukan-banding","Selama 2021, Ada 35 Perkara Korupsi di Banten, 3 Ajukan Banding"
"085118878","2022-01-02","regional","https://regional.kompas.com/read/2022/01/02/085118878/tahun-baru-pemancing-temukan-mayat-di-tepi-sungai-welikan-wonogiri","Tahun Baru, Pemancing Temukan Mayat di Tepi Sungai Welikan Wonogiri"
"081236678","2022-01-02","regional","https://bandung.kompas.com/read/2022/01/02/081236678/foto-jembatan-perahu-ponton-di-karawang-yang-beromzet-rp-20-juta-sehari","[FOTO] Jembatan Perahu Ponton di Karawang yang Beromzet Rp 20 Juta Sehari"
"065241178","2022-01-02","regional","https://regional.kompas.com/read/2022/01/02/065241178/lansia-di-sinjai-tewas-dengan-mulut-berbusa-tekanan-darah-sempat-naik-dan","Lansia di Sinjai Tewas dengan Mulut Berbusa, Tekanan Darah Sempat Naik dan Batal Divaksin"
"063414178","2022-01-02","regional","https://regional.kompas.com/read/2022/01/02/063414178/kronologi-suami-di-kediri-bakar-rumah-terpengaruh-alkohol-hingga-curiga","Kronologi Suami di Kediri Bakar Rumah, Terpengaruh Alkohol hingga Curiga Istri Selingkuh"
"060400278","2022-01-02","regional","https://regional.kompas.com/read/2022/01/02/060400278/-populer-nusantara-penggerebekan-pabrik-sampo-palsu-di-tangerang-anggota","[POPULER NUSANTARA] Penggerebekan Pabrik Sampo Palsu di Tangerang | Anggota Dishub Bekasi Ditilang Polisi"
"210000968","2022-01-02","health","https://health.kompas.com/penyakit/read/2022/01/02/210000968/kanker-payudara-pria","Kanker Payudara Pria"
"200000168","2022-01-02","health","https://health.kompas.com/read/2022/01/02/200000168/3-penyebab-kanker-payudara-pada-pria","3 Penyebab Kanker Payudara Pada Pria"
"190000868","2022-01-02","health","https://health.kompas.com/penyakit/read/2022/01/02/190000868/sidnrom-wernicke-korsakoff","Sidnrom Wernicke Korsakoff"
"180000168","2022-01-02","health","https://health.kompas.com/read/2022/01/02/180000168/15-makanan-tinggi-karbohidrat-paling-sehat","15 Makanan Tinggi Karbohidrat Paling Sehat"
"170000368","2022-01-02","health","https://health.kompas.com/penyakit/read/2022/01/02/170000368/amenorea","Amenorea"
"160000968","2022-01-02","health","https://health.kompas.com/read/2022/01/02/160000968/makan-daging-mentah-amankah-","Makan Daging Mentah Amankah?"
"150000068","2022-01-02","health","https://health.kompas.com/penyakit/read/2022/01/02/150000068/penyakit-meniere","Penyakit Meniere"
"140000568","2022-01-02","health","https://health.kompas.com/read/2022/01/02/140000568/manfaat-dan-bahaya-makan-ikan-asin-bagi-kesehatan","Manfaat dan Bahaya Makan Ikan Asin bagi Kesehatan"
"130000168","2022-01-02","health","https://health.kompas.com/penyakit/read/2022/01/02/130000168/amyotrophic-lateral-sclerosis-als-","Amyotrophic Lateral Sclerosis (ALS)"
"120000368","2022-01-02","health","https://health.kompas.com/read/2022/01/02/120000368/apa-penyebab-asma-pada-anak-","Apa Penyebab Asma pada Anak?"
"110000068","2022-01-02","health","https://health.kompas.com/penyakit/read/2022/01/02/110000068/kanker-perut","Kanker Perut"
"100000068","2022-01-02","health","https://health.kompas.com/read/2022/01/02/100000068/mengenal-gejala-dan-penyebab-kanker-ginjal","Mengenal Gejala dan Penyebab Kanker Ginjal"
"080000368","2022-01-02","health","https://health.kompas.com/read/2022/01/02/080000368/7-cara-mengatasi-sembelit-pada-bayi-tanpa-obat","7 Cara Mengatasi Sembelit pada Bayi Tanpa Obat"
"060000768","2022-01-02","health","https://health.kompas.com/read/2022/01/02/060000768/6-penyebab-rambut-rontok-pada-anak","6 Penyebab Rambut Rontok pada Anak"
"193144771","2022-01-02","edukasi","https://edukasi.kompas.com/read/2022/01/02/193144771/ayah-bunda-simak-7-tips-hadapi-amarah-anak","Ayah Bunda, Simak 7 Tips Hadapi Amarah Anak"
"190116871","2022-01-02","edukasi","https://edukasi.kompas.com/read/2022/01/02/190116871/siswa-ingin-jaga-imunitas-tubuh-ini-5-rempah-populer-berikut-manfaatnya","Siswa Ingin Jaga Imunitas Tubuh, Ini 5 Rempah Populer Berikut Manfaatnya"
"181700971","2022-01-02","edukasi","https://edukasi.kompas.com/read/2022/01/02/181700971/ini-penjelasan-contoh-dan-manfaat-sumber-daya-alam-siswa-yuk-belajar","Ini Penjelasan, Contoh dan Manfaat Sumber Daya Alam, Siswa Yuk Belajar"
"172244471","2022-01-02","edukasi","https://www.kompas.com/edu/read/2022/01/02/172244471/akademisi-ipb-5-juta-petani-kecil-ganti-profesi-selama-2003-2013","Akademisi IPB: 5 Juta Petani Kecil Ganti Profesi Selama 2003-2013"
"164503771","2022-01-02","edukasi","https://edukasi.kompas.com/read/2022/01/02/164503771/5-ide-bisnis-kekinian-dengan-modal-minim-mahasiswa-yuk-coba","5 Ide Bisnis Kekinian dengan Modal Minim, Mahasiswa Yuk Coba"
"164005271","2022-01-02","edukasi","https://www.kompas.com/edu/read/2022/01/02/164005271/cek-5-karakteristik-omicron-epidemiolog-unair-sarankan-hal-ini","Cek 5 Karakteristik Omicron, Epidemiolog Unair Sarankan Hal Ini"
"163336271","2022-01-02","edukasi","https://www.kompas.com/edu/read/2022/01/02/163336271/keren-mahasiswa-its-gagas-robot-penghancur-sampah-di-laut","Keren, Mahasiswa ITS Gagas Robot Penghancur Sampah di Laut"
"160948771","2022-01-02","edukasi","https://www.kompas.com/edu/read/2022/01/02/160948771/mahasiswa-uns-jadi-juara-gagas-ide-bisnis-snack-pakai-bahan-ini","Mahasiswa UNS Jadi Juara Gagas Ide Bisnis Snack Pakai Bahan Ini"
"160234171","2022-01-02","edukasi","https://edukasi.kompas.com/read/2022/01/02/160234171/dokter-rsnd-undip-bagikan-tips-cantik-di-segala-usia-tanpa-operasi","Dokter RSND Undip Bagikan Tips Cantik di Segala Usia Tanpa Operasi"
"083354171","2022-01-02","edukasi","https://www.kompas.com/edu/read/2022/01/02/083354171/24-mahasiswa-ugm-kkn-di-pulau-sabu-daerah-terluar-dan-terisolir-ntt","24 Mahasiswa UGM KKN di Pulau Sabu, Daerah Terluar dan Terisolir NTT"
"052700371","2022-01-02","edukasi","https://www.kompas.com/edu/read/2022/01/02/052700371/5-lowongan-kerja-lulusan-smk-minggu-pertama-januari-2022","5 Lowongan Kerja Lulusan SMK Minggu Pertama Januari 2022"
"210000220","2022-01-02","lifestyle","https://lifestyle.kompas.com/read/2022/01/02/210000220/dentalslim-diet-control-perangkat-penurun-berat-badan-di-gigi-mau-","DentalSlim Diet Control, Perangkat Penurun Berat Badan di Gigi, Mau?"
"180000320","2022-01-02","lifestyle","https://lifestyle.kompas.com/read/2022/01/02/180000320/8-perubahan-gaya-hidup-yang-efektif-turunkan-tekanan-darah","8 Perubahan Gaya Hidup yang Efektif Turunkan Tekanan Darah"
"150000720","2022-01-02","lifestyle","https://lifestyle.kompas.com/read/2022/01/02/150000720/rahasia-hidup-bintang-komedi-betty-white-hingga-capai-usia-100-tahun","Rahasia Hidup Bintang Komedi Betty White hingga Capai Usia 100 Tahun"
"120000520","2022-01-02","lifestyle","https://lifestyle.kompas.com/read/2022/01/02/120000520/awal-tahun-2022-lakukan-5-hal-demi-kesehatan-jantung-yang-lebih-baik","Awal Tahun 2022, Lakukan 5 Hal demi Kesehatan Jantung yang Lebih Baik"
"090000220","2022-01-02","lifestyle","https://lifestyle.kompas.com/read/2022/01/02/090000220/6-tips-kembali-hidup-sehat-usai-libur-natal-dan-tahun-baru","6 Tips Kembali Hidup Sehat Usai Libur Natal dan Tahun Baru"
"060000220","2022-01-02","lifestyle","https://lifestyle.kompas.com/read/2022/01/02/060000220/7-ide-menghias-rumah-dengan-tren-warna-pantone-2022","7 Ide Menghias Rumah dengan Tren Warna Pantone 2022"
"18040087","2022-01-02","tekno","https://tekno.kompas.com/read/2022/01/02/18040087/google-maps-bisa-untuk-main-game-snake-begini-caranya","Google Maps Bisa untuk Main Game Snake, Begini Caranya"
"16030067","2022-01-02","tekno","https://tekno.kompas.com/read/2022/01/02/16030067/3-game-gratis-ps-plus-januari-2022-ada-dirt-5-dan-persona-5-strikers-","3 Game Gratis PS Plus Januari 2022, Ada ""Dirt 5"" dan ""Persona 5 Strikers"""
"14060087","2022-01-02","tekno","https://tekno.kompas.com/read/2022/01/02/14060087/epic-games-store-gratiskan-game-tomb-raider-dan-gelar-diskon-hingga-75-persen","Epic Games Store Gratiskan Game Tomb Raider dan Gelar Diskon hingga 75 Persen"
"12080067","2022-01-02","tekno","https://tekno.kompas.com/read/2022/01/02/12080067/telegram-punya-fitur-reactions-serupa-facebook-dan-instagram","Telegram Punya Fitur Reactions Serupa Facebook dan Instagram"
"10070017","2022-01-02","tekno","https://tekno.kompas.com/read/2022/01/02/10070017/vivo-y21t-meluncur-di-indonesia-dengan-kamera-50-mp-ini-harganya","Vivo Y21T Meluncur di Indonesia dengan Kamera 50 MP, Ini Harganya"
"08020067","2022-01-02","tekno","https://tekno.kompas.com/read/2022/01/02/08020067/begini-cara-menandai-pesan-penting-di-whatsapp-agar-mudah-dicari","Begini Cara Menandai Pesan Penting di WhatsApp Agar Mudah Dicari"
"210000821","2022-01-02","properti","https://www.kompas.com/properti/read/2022/01/02/210000821/penataan-kota-lasem-dibuat-estetik-dan-jadi-simbol-tolerasi","Penataan Kota Lasem Dibuat Estetik dan Jadi Simbol Tolerasi"
"200000221","2022-01-02","properti","https://www.kompas.com/properti/read/2022/01/02/200000221/ini-6-alasan-ruang-kecil-dan-minimalis-dianggap-terbaik-anda-setuju-","Ini 6 Alasan Ruang Kecil dan Minimalis Dianggap Terbaik, Anda Setuju?"
"190000121","2022-01-02","properti","https://www.kompas.com/properti/read/2022/01/02/190000121/5-pilihan-rumah-di-ciputat-untuk-anda-miliki-tahun-baru-ini","5 Pilihan Rumah di Ciputat untuk Anda Miliki Tahun Baru Ini"
"180000321","2022-01-02","properti","https://www.kompas.com/properti/read/2022/01/02/180000321/buat-suasana-baru-intip-5-ide-warna-menarik-jendela-rumah-","Buat Suasana Baru, Intip 5 Ide Warna Menarik Jendela Rumah "
"170000521","2022-01-02","properti","https://www.kompas.com/properti/read/2022/01/02/170000521/simak-syarat-rapid-test-antigen-di-stasiun-kereta","Simak Syarat Rapid Test Antigen di Stasiun Kereta"
"160731121","2022-01-02","properti","https://www.kompas.com/properti/read/2022/01/02/160731121/tahun-baru-rumah-baru-ini-5-rekomendasi-hunian-murah-di-depok","Tahun Baru Rumah Baru, Ini 5 Rekomendasi Hunian Murah di Depok"
"140000321","2022-01-02","properti","https://www.kompas.com/properti/read/2022/01/02/140000321/bagaimana-membedakan-jembatan-dan-flyover-ini-penjelasannya","Bagaimana Membedakan Jembatan dan Flyover? Ini Penjelasannya"
"133246721","2022-01-02","properti","https://www.kompas.com/properti/read/2022/01/02/133246721/dua-hari-ini-open-traffic-underpass-bulak-kapal-segera-beroperasi","Dua Hari Ini Open Traffic, Underpass Bulak Kapal Segera Beroperasi"
"120000521","2022-01-02","properti","https://www.kompas.com/properti/read/2022/01/02/120000521/dalam-43-tahun-indonesia-punya-2.457-kilometer-jalan-tol-","Dalam 43 Tahun, Indonesia Punya 2.457 Kilometer Jalan Tol "
"110000721","2022-01-02","properti","https://www.kompas.com/properti/read/2022/01/02/110000721/hadirkan-feng-shui-baik-di-kamar-tidur-dengan-pilihan-warna-ini","Hadirkan Feng Shui Baik di Kamar Tidur dengan Pilihan Warna Ini"
"100000521","2022-01-02","properti","https://www.kompas.com/properti/read/2022/01/02/100000521/desain-ruang-belajar-menarik-untuk-anak-bagaimana-triknya","Desain Ruang Belajar Menarik untuk Anak, Bagaimana Triknya?"
"090803621","2022-01-02","properti","https://www.kompas.com/properti/read/2022/01/02/090803621/5-isu-utama-perhotelan-2022-mulai-dari-tenaga-kerja-hingga-inflasi","5 Isu Utama Perhotelan 2022, Mulai dari Tenaga Kerja hingga Inflasi"
"23410878","2022-01-02","bola","https://bola.kompas.com/read/2022/01/02/23410878/link-live-streaming-mallorca-vs-barcelona-kick-off-0300-wib","Link Live Streaming Mallorca Vs Barcelona, Kick-off 03.00 WIB"
"23081938","2022-01-02","bola","https://bola.kompas.com/read/2022/01/02/23081938/line-up-chelsea-vs-liverpool-lukaku-dicoret-klopp-absen-taa-dan-milner-buat","Line Up Chelsea Vs Liverpool: Lukaku Dicoret, Klopp Absen, TAA dan Milner Buat Catatan Gemilang"
"22270928","2022-01-02","bola","https://bola.kompas.com/read/2022/01/02/22270928/pengamat-tanah-air-puji-sty-dan-militansi-skuad-garuda-di-piala-aff","Pengamat Tanah Air Puji STY dan Militansi Skuad Garuda di Piala AFF"
"22002218","2022-01-02","bola","https://bola.kompas.com/read/2022/01/02/22002218/hasil-getafe-vs-real-madrid-kalah-0-1-rekor-benzema-dkk-terhenti","Hasil Getafe Vs Real Madrid: Kalah 0-1, Rekor Benzema dkk Terhenti"
"21300018","2022-01-02","bola","https://bola.kompas.com/read/2022/01/02/21300018/link-live-streaming-chelsea-vs-liverpool-kickoff-23.30-wib","Link Live Streaming Chelsea Vs Liverpool, Kickoff 23.30 WIB"
"20591338","2022-01-02","bola","https://bola.kompas.com/read/2022/01/02/20591338/babak-pertama-getafe-vs-real-madrid-militao-blunder-los-blancos-tertinggal-0-1","Babak Pertama Getafe Vs Real Madrid: Militao Blunder, Los Blancos Tertinggal 0-1"
"20400018","2022-01-02","bola","https://www.kompas.com/sports/read/2022/01/02/20400018/sejarah-dan-daftar-juara-piala-afrika","Sejarah dan Daftar Juara Piala Afrika"
"20321638","2022-01-02","bola","https://bola.kompas.com/read/2022/01/02/20321638/pengamat-sepak-bola-asia-sebut-4-pilar-indonesia-yang-tampil-fantastis-di-piala","Pengamat Sepak Bola Asia Sebut 4 Pilar Indonesia yang Tampil Fantastis di Piala AFF"
"20200098","2022-01-02","bola","https://bola.kompas.com/read/2022/01/02/20200098/persib-menyongsong-tahun-baru-dengan-optimisme-juara","Persib Menyongsong Tahun Baru dengan Optimisme Juara"
"20172238","2022-01-02","bola","https://bola.kompas.com/read/2022/01/02/20172238/tanggapan-pt-lib-dan-pssi-terhadap-penyebaran-varian-omicron-jelang-seri-4-liga","Tanggapan PT LIB dan PSSI Terhadap Penyebaran Varian Omicron Jelang Seri 4 Liga 1 2021-2022"
"19550368","2022-01-02","bola","https://www.kompas.com/motogp/read/2022/01/02/19550368/harga-tiket-motogp-indonesia-2022-termurah-rp-115-ribu-kapan-dijual","Harga Tiket MotoGP Indonesia 2022: Termurah Rp 115 Ribu, Kapan Dijual?"
"19310498","2022-01-02","bola","https://bola.kompas.com/read/2022/01/02/19310498/breaking-news-lionel-messi-positif-covid-19","Breaking News, Lionel Messi Positif Covid-19"
"19223618","2022-01-02","bola","https://bola.kompas.com/read/2022/01/02/19223618/chelsea-vs-liverpool-alasan-tuchel-coret-lukaku-dari-skuad-the-blues","Chelsea Vs Liverpool, Alasan Tuchel Coret Lukaku dari Skuad The Blues "
"19200038","2022-01-02","bola","https://bola.kompas.com/read/2022/01/02/19200038/timnas-indonesia-tiba-di-tanah-air-elkan-baggott-tak-ikut-rombongan","Timnas Indonesia Tiba di Tanah Air, Elkan Baggott Tak Ikut Rombongan"
"19002378","2022-01-02","bola","https://bola.kompas.com/read/2022/01/02/19002378/link-live-streaming-getafe-vs-real-madrid-kick-off-2000-wib","Link Live Streaming Getafe Vs Real Madrid, Kick-off 20.00 WIB"
"19000018","2022-01-02","bola","https://bola.kompas.com/read/2022/01/02/19000018/timnas-indonesia-u23-bisa-jadi-ancaman-misi-vietnam-pertahankan-emas-sea-games","Timnas Indonesia U23 Bisa Jadi Ancaman Misi Vietnam Pertahankan Emas SEA Games"
"18400028","2022-01-02","bola","https://bola.kompas.com/read/2022/01/02/18400028/klarifikasi-buffon-juventus-kehilangan-kesatuan-bukan-karena-ronaldo-melainkan-","Klarifikasi Buffon, Juventus Kehilangan Kesatuan Bukan karena Ronaldo, melainkan..."
"18200048","2022-01-02","bola","https://www.kompas.com/sports/read/2022/01/02/18200048/daftar-peserta-dan-pembagian-grup-piala-afrika-2021","Daftar Peserta dan Pembagian Grup Piala Afrika 2021"
"18000028","2022-01-02","bola","https://bola.kompas.com/read/2022/01/02/18000028/kisah-aji-santoso-temukan-dan-asah-potensi-besar-ricky-kambuaya","Kisah Aji Santoso Temukan dan Asah Potensi Besar Ricky Kambuaya"
"17200098","2022-01-02","bola","https://www.kompas.com/badminton/read/2022/01/02/17200098/jadwal-turnamen-bulu-tangkis-2022-dimulai-india-open-pada-11-16-januari","Jadwal Turnamen Bulu Tangkis 2022, Dimulai India Open pada 11-16 Januari"
"17000078","2022-01-02","bola","https://bola.kompas.com/read/2022/01/02/17000078/skuad-muda-timnas-indonesia-diyakini-jadi-kandidat-juara-sea-games-2021","Skuad Muda Timnas Indonesia Diyakini Jadi Kandidat Juara SEA Games 2021"
"16400048","2022-01-02","bola","https://www.kompas.com/sports/read/2022/01/02/16400048/kesalahan-yang-sering-terjadi-saat-melakukan-passing-bawah","Kesalahan yang Sering Terjadi Saat Melakukan Passing Bawah"
"16300058","2022-01-02","bola","https://www.kompas.com/sports/read/2022/01/02/16300058/jumlah-gol-yang-tercipta-selama-gelaran-piala-aff-2020","Jumlah Gol yang Tercipta Selama Gelaran Piala AFF 2020"
"16200078","2022-01-02","bola","https://bola.kompas.com/read/2022/01/02/16200078/kata-cristian-gonzales-tentang-masa-depan-skuad-muda-timnas-indonesia","Kata Cristian Gonzales tentang Masa Depan Skuad Muda Timnas Indonesia"
"16000038","2022-01-02","bola","https://bola.kompas.com/read/2022/01/02/16000038/chelsea-vs-liverpool--mohamed-salah-masih-bisa-main-tetapi-","Chelsea Vs Liverpool: Mohamed Salah Masih Bisa Main, tetapi"
"15400088","2022-01-02","bola","https://bola.kompas.com/read/2022/01/02/15400088/tahan-imbang-thailand-timnas-indonesia-dinilai-lampaui-level-malaysia","Tahan Imbang Thailand, Timnas Indonesia Dinilai Lampaui Level Malaysia"
"15200088","2022-01-02","bola","https://bola.kompas.com/read/2022/01/02/15200088/tak-puas-dengan-pencapaian-man-united-ronaldo-ajak-tim-tembus-batas-dan-gapai","Tak Puas dengan Pencapaian Man United, Ronaldo Ajak Tim Tembus Batas dan Gapai Bintang"
"15000028","2022-01-02","bola","https://www.kompas.com/sports/read/2022/01/02/15000028/jumlah-wasit-dalam-permainan-tenis-meja","Jumlah Wasit dalam Permainan Tenis Meja"
"14400088","2022-01-02","bola","https://bola.kompas.com/read/2022/01/02/14400088/mallorca-vs-barcelona--barca-tanding-tanpa-17-pemain-xavi-kecam-laliga","Mallorca Vs Barcelona: Barca Tanding Tanpa 17 Pemain, Xavi Kecam LaLiga"
"14200008","2022-01-02","bola","https://bola.kompas.com/read/2022/01/02/14200008/gelar-tim-fair-play-indonesia-di-piala-aff-2020-diributkan-media-vietnam","Gelar Tim Fair Play Indonesia di Piala AFF 2020 Diributkan Media Vietnam"
"14000058","2022-01-02","bola","https://bola.kompas.com/read/2022/01/02/14000058/gol-egy-maulana-vikri-ke-gawang-thailand-bikin-keluarga-fk-senica-bangga","Gol Egy Maulana Vikri ke Gawang Thailand Bikin Keluarga FK Senica Bangga"
"13400018","2022-01-02","bola","https://bola.kompas.com/read/2022/01/02/13400018/juara-piala-aff-2020-thailand-tak-mau-hanya-jadi-raja-di-rumah-sendiri","Juara Piala AFF 2020, Thailand Tak Mau Hanya Jadi Raja di ""Rumah"" Sendiri"
"13200018","2022-01-02","bola","https://bola.kompas.com/read/2022/01/02/13200018/usai-kalahkan-indonesia-thailand-mengincar-piala-dunia","Usai Kalahkan Indonesia, Thailand Mengincar Piala Dunia"
"13000098","2022-01-02","bola","https://bola.kompas.com/read/2022/01/02/13000098/dukung-shin-tae-yong-eks-kapten-timnas-evaluasi-kiprah-indonesia-di-piala-aff","Dukung Shin Tae-yong, Eks Kapten Timnas Evaluasi Kiprah Indonesia di Piala AFF 2020"
"12400088","2022-01-02","bola","https://bola.kompas.com/read/2022/01/02/12400088/7-pemain-timnas-indonesia-kepercayaan-shin-tae-yong-di-piala-aff-2020","7 Pemain Timnas Indonesia Kepercayaan Shin Tae-yong di Piala AFF 2020"
"12200008","2022-01-02","bola","https://bola.kompas.com/read/2022/01/02/12200008/ada-kekhawatiran-di-balik-keberhasilan-timnas-thailand-pada-piala-aff-2020","Ada Kekhawatiran di Balik Keberhasilan Timnas Thailand pada Piala AFF 2020"
"12000098","2022-01-02","bola","https://www.kompas.com/sports/read/2022/01/02/12000098/daftar-8-stadion-piala-dunia-2022-qatar-dari-tercanggih-hingga-terbesar","Daftar 8 Stadion Piala Dunia 2022 Qatar, dari Tercanggih hingga Terbesar"
"11400038","2022-01-02","bola","https://bola.kompas.com/read/2022/01/02/11400038/chelsea-vs-liverpool--the-reds-kerap-tersandung-di-london-saatnya-the-blues","Chelsea Vs Liverpool: The Reds Kerap Tersandung di London, Saatnya The Blues Menjauh"
"11200038","2022-01-02","bola","https://bola.kompas.com/read/2022/01/02/11200038/timnas-gagal-juara-piala-aff-2020-saatnya-evaluasi-kualitas-liga-indonesia","Timnas Gagal Juara Piala AFF 2020, Saatnya Evaluasi Kualitas Liga Indonesia"
"11000048","2022-01-02","bola","https://bola.kompas.com/read/2022/01/02/11000048/jadi-runner-up-piala-aff-2020-timnas-indonesia-tetap-membanggakan","Jadi Runner Up Piala AFF 2020, Timnas Indonesia Tetap Membanggakan"
"10400038","2022-01-02","bola","https://bola.kompas.com/read/2022/01/02/10400038/shin-tae-yong-jadi-harapan-indonesia-susul-thailand-yang-20-tahun-lebih-maju","Shin Tae-yong Jadi Harapan Indonesia Susul Thailand yang 20 Tahun Lebih Maju"
"10200038","2022-01-02","bola","https://bola.kompas.com/read/2022/01/02/10200038/rapor-3-pemain-label-eropa-di-timnas-indonesia-witan-paling-bersinar","Rapor 3 Pemain Label Eropa di Timnas Indonesia, Witan Paling Bersinar"
"10000038","2022-01-02","bola","https://bola.kompas.com/read/2022/01/02/10000038/kata-pelatih-thailand-saat-akui-daya-juang-dan-potensi-pemain-muda-indonesia","Kata Pelatih Thailand Saat Akui Daya Juang dan Potensi Pemain Muda Indonesia"
"09400058","2022-01-02","bola","https://www.kompas.com/sports/read/2022/01/02/09400058/mengenal-sistem-bubble-aturan-yang-membuat-4-pemain-indonesia-absen-di-leg","Mengenal Sistem ""Bubble"", Aturan yang Membuat 4 Pemain Indonesia Absen di Leg 2 Final Piala AFF"
"09200028","2022-01-02","bola","https://bola.kompas.com/read/2022/01/02/09200028/jadwal-piala-aff-u23-2022-ajang-pembuktian-garuda-muda","Jadwal Piala AFF U23 2022, Ajang Pembuktian Garuda Muda"
"09000038","2022-01-02","bola","https://bola.kompas.com/read/2022/01/02/09000038/rapor-barisan-striker-indonesia-di-piala-aff-2020-titik-lemah-garuda","Rapor Barisan Striker Indonesia di Piala AFF 2020, Titik Lemah Garuda"
"08400008","2022-01-02","bola","https://bola.kompas.com/read/2022/01/02/08400008/apa-yang-bisa-membuat-sepak-bola-asia-tenggara-maju-","Apa yang Bisa Membuat Sepak Bola Asia Tenggara Maju?"
"08200098","2022-01-02","bola","https://bola.kompas.com/read/2022/01/02/08200098/legenda-singapura--pratama-arhan-kelak-akan-jadi-pemain-top-asia","Legenda Singapura: Pratama Arhan Kelak Akan Jadi Pemain Top Asia"
"08000048","2022-01-02","bola","https://www.kompas.com/sports/read/2022/01/02/08000048/resep-lemparan-jauh-pratama-arhan-pemain-muda-terbaik-piala-aff-2020","Resep Lemparan Jauh Pratama Arhan, Pemain Muda Terbaik Piala AFF 2020"
"07400008","2022-01-02","bola","https://bola.kompas.com/read/2022/01/02/07400008/piala-aff-2020--timnas-indonesia-tinggalkan-kesan-positif-menpora-optimistis","Piala AFF 2020: Timnas Indonesia Tinggalkan Kesan Positif, Menpora Optimistis"
"07200018","2022-01-02","bola","https://bola.kompas.com/read/2022/01/02/07200018/thailand-juara-piala-aff-2020-tujuan-messi-jay-dkk-tercapai","Thailand Juara Piala AFF 2020, Tujuan Messi Jay dkk Tercapai"
"07000048","2022-01-02","bola","https://www.kompas.com/sports/read/2022/01/02/07000048/thailand-juara-piala-aff-2020--luka-yang-menjadikan-gajah-perang-lebih","Thailand Juara Piala AFF 2020: Luka yang Menjadikan Gajah Perang Lebih Kuat"
"06400078","2022-01-02","bola","https://bola.kompas.com/read/2022/01/02/06400078/shin-tae-yong--piala-aff-2020-benar-benar-melelahkan-","Shin Tae-yong: Piala AFF 2020 Benar-benar Melelahkan..."
"06200028","2022-01-02","bola","https://bola.kompas.com/read/2022/01/02/06200028/chelsea-vs-liverpool-juergen-klopp-absen-karena-positif-covid-19","Chelsea Vs Liverpool, Juergen Klopp Absen karena Positif Covid-19"
"06000038","2022-01-02","bola","https://bola.kompas.com/read/2022/01/02/06000038/meski-indonesia-tak-juara-piala-aff-2020-pssi-pastikan-shin-tae-yong-aman","Meski Indonesia Tak Juara Piala AFF 2020, PSSI Pastikan Shin Tae-yong Aman"
"05400058","2022-01-02","bola","https://bola.kompas.com/read/2022/01/02/05400058/shin-tae-yong-akui-striker-jadi-kelemahan-timnas-indonesia-di-piala-aff","Shin Tae-yong Akui Striker Jadi Kelemahan Timnas Indonesia di Piala AFF"
"05300078","2022-01-02","bola","https://bola.kompas.com/read/2022/01/02/05300078/jadwal-liga-inggris-malam-ini-big-match-chelsea-vs-liverpool","Jadwal Liga Inggris Malam Ini, Big Match Chelsea Vs Liverpool"
"05200028","2022-01-02","bola","https://bola.kompas.com/read/2022/01/02/05200028/shin-tae-yong-yakin-indonesia-bisa-juara-di-edisi-piala-aff-mendatang","Shin Tae-yong Yakin Indonesia Bisa Juara di Edisi Piala AFF Mendatang"
"05000088","2022-01-02","bola","https://bola.kompas.com/read/2022/01/02/05000088/kritik-shin-tae-yong-soal-sistem-bubble-piala-aff--ada-orang-mabuk-di-hotel-tim-","Kritik Shin Tae-yong Soal Sistem ""Bubble"" Piala AFF: Ada Orang Mabuk di Hotel Tim!"
"04500088","2022-01-02","bola","https://bola.kompas.com/read/2022/01/02/04500088/klarifikasi-elkan-baggott-usai-dilarang-main-di-final-piala-aff-lawan-thailand","Klarifikasi Elkan Baggott Usai Dilarang Main di Final Piala AFF Lawan Thailand"
"02542718","2022-01-02","bola","https://bola.kompas.com/read/2022/01/02/02542718/hasil-dan-klasemen-liga-inggris-menang-dramatis-lawan-arsenal-man-city-kokoh-di","Hasil dan Klasemen Liga Inggris: Menang Dramatis Lawan Arsenal, Man City Kokoh di Puncak!"
"01213308","2022-01-02","bola","https://bola.kompas.com/read/2022/01/02/01213308/imbangi-thailand-sty-puji-perjuangan-para-pemain-garuda","Imbangi Thailand, STY Puji Perjuangan Para Pemain Garuda"
"01020438","2022-01-02","bola","https://bola.kompas.com/read/2022/01/02/01020438/piala-aff-2020-hidupkan-kembali-gairah-sepak-bola-kawasan","Piala AFF 2020 Hidupkan Kembali Gairah Sepak Bola Kawasan"
"00450088","2022-01-02","bola","https://bola.kompas.com/read/2022/01/02/00450088/4-pemain-indonesia-dilarang-main-lawan-thailand-ini-kata-shin-tae-yong","4 Pemain Indonesia Dilarang Main Lawan Thailand, Ini Kata Shin Tae-yong"
"00125178","2022-01-02","bola","https://bola.kompas.com/read/2022/01/02/00125178/kata-mano-polking-usai-bawa-thailand-juara-piala-aff-2020","Kata Mano Polking Usai Bawa Thailand Juara Piala AFF 2020"
"213114527","2022-01-02","travel","https://travel.kompas.com/read/2022/01/02/213114527/9-kafe-bertema-harry-potter-di-dunia-bisa-coba-minuman-butterbeer","9 Kafe Bertema Harry Potter di Dunia, Bisa Coba Minuman Butterbeer"
"201700827","2022-01-02","travel","https://travel.kompas.com/read/2022/01/02/201700827/6-lokasi-syuting-harry-potter-di-inggris-penggemar-wajib-tahu","6 Lokasi Syuting Harry Potter di Inggris, Penggemar Wajib Tahu"
"191300727","2022-01-02","travel","https://travel.kompas.com/read/2022/01/02/191300727/7-tempat-wisata-di-jakarta-barat-yang-buka-untuk-liburan-awal-tahun","7 Tempat Wisata di Jakarta Barat yang Buka untuk Liburan Awal Tahun"
"181400927","2022-01-02","travel","https://travel.kompas.com/read/2022/01/02/181400927/hotel-replika-bulan-di-las-vegas-hadirkan-sensasi-di-luar-angkasa","Hotel Replika Bulan di Las Vegas, Hadirkan Sensasi di Luar Angkasa"
"170100127","2022-01-02","travel","https://travel.kompas.com/read/2022/01/02/170100127/terlalu-ramai-semarang-zoo-tolak-masuk-ribuan-pengunjung","Terlalu Ramai, Semarang Zoo Tolak Masuk Ribuan Pengunjung"
"160400827","2022-01-02","travel","https://travel.kompas.com/read/2022/01/02/160400827/pertama-di-indonesia-ngopi-sambil-terbang-naik-gondola-di-teras-kaca-pantai","Pertama di Indonesia, Ngopi sambil Terbang Naik Gondola di Teras Kaca Pantai Nguluran Gunungkidul"
"152229427","2022-01-02","travel","https://travel.kompas.com/read/2022/01/02/152229427/awas-bisa-sakit-jangan-lakukan-3-hal-ini-saat-bepergian-naik-pesawat","Awas Bisa Sakit, Jangan Lakukan 3 Hal Ini Saat Bepergian Naik Pesawat"
"130100327","2022-01-02","travel","https://travel.kompas.com/read/2022/01/02/130100327/kemenkes-imbau-wni-stop-dulu-bepergian-ke-negara-negara-dengan-transmisi","Kemenkes Imbau WNI Stop Dulu Bepergian ke Negara-negara dengan Transmisi Covid-19 yang Tinggi, Ada Turki"
"120325527","2022-01-02","travel","https://travel.kompas.com/read/2022/01/02/120325527/5-fakta-wisata-labuan-cermin-tempat-buaya-besar-ditemukan","5 Fakta Wisata Labuan Cermin, Tempat Buaya Besar Ditemukan"
"102728627","2022-01-02","travel","https://travel.kompas.com/read/2022/01/02/102728627/catat-ada-pembatasan-jam-buka-wisata-ancol-saat-libur-tahun-baru-2022","Catat, Ada Pembatasan Jam Buka Wisata Ancol Saat Libur Tahun Baru 2022"
"101000827","2022-01-02","travel","https://travel.kompas.com/read/2022/01/02/101000827/d-garden-cafe-selo-boyolali-kafe-di-tengah-taman-bunga-berlatar-gunung-merapi","DGarden Cafe Selo Boyolali, Kafe di Tengah Taman Bunga Berlatar Gunung Merapi"
"090900427","2022-01-02","travel","https://travel.kompas.com/read/2022/01/02/090900427/5-wisata-curug-atau-air-terjun-di-bogor-banyak-yang-masih-asli-","5 Wisata Curug atau Air Terjun di Bogor, Banyak yang Masih Asli "
"073100227","2022-01-02","travel","https://travel.kompas.com/read/2022/01/02/073100227/syarat-dan-ketentuan-tes-antigen-di-stasiun-yang-harganya-turun-jadi-rp","Syarat dan Ketentuan Tes Antigen di Stasiun yang Harganya Turun Jadi Rp 35.000"
"202100715","2022-01-02","otomotif","https://otomotif.kompas.com/read/2022/01/02/202100715/catat-ini-komponen-mobil-yang-wajib-diperiksa-saat-musim-hujan","Catat, Ini Komponen Mobil yang Wajib Diperiksa Saat Musim Hujan"
"200100315","2022-01-02","otomotif","https://otomotif.kompas.com/read/2022/01/02/200100315/liburan-dari-pantai-jangan-malas-bersihkan-sisa-pasir-di-mobil","Liburan dari Pantai, Jangan Malas Bersihkan Sisa Pasir di Mobil"
"194100515","2022-01-02","otomotif","https://otomotif.kompas.com/read/2022/01/02/194100515/agar-tak-celaka-ini-cara-aman-mengerem-motor-saat-kondisi-jalan-basah","Agar Tak Celaka, Ini Cara Aman Mengerem Motor Saat Kondisi Jalan Basah"
"192100815","2022-01-02","otomotif","https://otomotif.kompas.com/read/2022/01/02/192100815/cara-agar-anak-tidak-rewel-saat-diajak-perjalanan-jauh","Cara Agar Anak Tidak Rewel Saat Diajak Perjalanan Jauh"
"190100415","2022-01-02","otomotif","https://otomotif.kompas.com/read/2022/01/02/190100415/virtual-truck-campaign-2021-mitsubishi-fuso-sukses-jual-ribuan-truk","Virtual Truck Campaign 2021, Mitsubishi Fuso Sukses Jual Ribuan Truk"
"184100615","2022-01-02","otomotif","https://otomotif.kompas.com/read/2022/01/02/184100615/cara-aman-pakai-bantuan-peta-digital-saat-perjalanan-jauh","Cara Aman Pakai Bantuan Peta Digital Saat Perjalanan Jauh"
"182100915","2022-01-02","otomotif","https://otomotif.kompas.com/read/2022/01/02/182100915/pilihan-mobil-bekas-rp-50-jutaan-awal-tahun-2022","Pilihan Mobil Bekas Rp 50 Jutaan Awal Tahun 2022"
"180100615","2022-01-02","otomotif","https://otomotif.kompas.com/read/2022/01/02/180100615/catat-aksi-main-hakim-sendiri-hingga-merusak-kendaraan-bisa-dipenjara","Catat, Aksi Main Hakim Sendiri hingga Merusak Kendaraan Bisa Dipenjara"
"174100915","2022-01-02","otomotif","https://otomotif.kompas.com/read/2022/01/02/174100915/ingat-lagi-kapan-waktu-tepat-jajan-engine-mounting-mobil","Ingat Lagi Kapan Waktu Tepat Jajan Engine Mounting Mobil"
"172100315","2022-01-02","otomotif","https://otomotif.kompas.com/read/2022/01/02/172100315/bahayakah-karat-di-piringan-cakram-mobil-","Bahayakah Karat di Piringan Cakram Mobil?"
"170100915","2022-01-02","otomotif","https://otomotif.kompas.com/read/2022/01/02/170100915/perlu-digalakkan-etle-mobile-bisa-cegah-pengendara-langgar-aturan","Perlu Digalakkan, ETLE Mobile Bisa Cegah Pengendara Langgar Aturan"
"164100015","2022-01-02","otomotif","https://otomotif.kompas.com/read/2022/01/02/164100015/3-gelar-juara-dunia-terbaik-the-doctor-salah-satunya-karena-ban","3 Gelar Juara Dunia Terbaik The Doctor, Salah Satunya karena Ban"
"162100515","2022-01-02","otomotif","https://otomotif.kompas.com/read/2022/01/02/162100515/sinergi-teknologi-wim-dengan-e-tle-perlu-perhatikan-banyak-aspek","Sinergi Teknologi WIM dengan E-TLE Perlu Perhatikan Banyak Aspek"
"160100115","2022-01-02","otomotif","https://otomotif.kompas.com/read/2022/01/02/160100115/polisi-kuras-bensin-pemotor-knalpot-bising-dinilai-tak-sesuai-sop","Polisi Kuras Bensin Pemotor Knalpot Bising Dinilai Tak Sesuai SOP"
"155055115","2022-01-02","otomotif","https://otomotif.kompas.com/read/2022/01/02/155055115/137207-kendaraan-masuk-jabotabek-polisi-atur-skema-one-way-di-puncak","137.207 Kendaraan Masuk Jabotabek, Polisi Atur Skema One Way di Puncak"
"154100215","2022-01-02","otomotif","https://otomotif.kompas.com/read/2022/01/02/154100215/etle-mobile-resmi-bertugas-di-malang-per-januari-2022","ETLE Mobile Resmi Bertugas di Malang per Januari 2022"
"152100515","2022-01-02","otomotif","https://otomotif.kompas.com/read/2022/01/02/152100515/resolusi-2022-ingin-punya-mobil-baru-simak-cara-kredit-yang-mudah","Resolusi 2022 Ingin Punya Mobil Baru, Simak Cara Kredit yang Mudah"
"150100415","2022-01-02","otomotif","https://otomotif.kompas.com/read/2022/01/02/150100415/waspada-ngantuk-di-tol-trans-jawa-wajib-istirahat-tiap-3-jam","Waspada Ngantuk di Tol Trans Jawa, Wajib Istirahat Tiap 3 Jam"
"144100815","2022-01-02","otomotif","https://otomotif.kompas.com/read/2022/01/02/144100815/malam-pergantian-tahun-310.000-kendaraan-tinggalkan-jabodetabek","Malam Pergantian Tahun, 310.000 Kendaraan Tinggalkan Jabodetabek"
"142100515","2022-01-02","otomotif","https://otomotif.kompas.com/read/2022/01/02/142100515/kejadian-lagi-perempuan-kena-abu-rokok-pengguna-jalan-lain","Kejadian Lagi, Perempuan Kena Abu Rokok Pengguna Jalan Lain"
"140822915","2022-01-02","otomotif","https://otomotif.kompas.com/read/2022/01/02/140822915/terjadi-lagi-fortuner-ringsek-tabrak-pembatas-jembatan-di-tol-ngawi","Terjadi Lagi, Fortuner Ringsek Tabrak Pembatas Jembatan di Tol Ngawi"
"140210315","2022-01-02","otomotif","https://otomotif.kompas.com/read/2022/01/02/140210315/polisi-mesti-bawa-alat-ukur-saat-razia-knalpot-bising","Polisi Mesti Bawa Alat Ukur Saat Razia Knalpot Bising"
"120100615","2022-01-02","otomotif","https://otomotif.kompas.com/read/2022/01/02/120100615/bos-yamaha-ingin-fokus-kembangkan-motor-yzr-m1","Bos Yamaha Ingin Fokus Kembangkan Motor YZR-M1"
"114100115","2022-01-02","otomotif","https://otomotif.kompas.com/read/2022/01/02/114100115/tonton-iklan-jadul-motor-honda-astrea-black-exclusive","Tonton Iklan Jadul Motor Honda Astrea Black Exclusive"
"112100915","2022-01-02","otomotif","https://otomotif.kompas.com/read/2022/01/02/112100915/lelang-2-unit-kijang-innova-pelat-merah-limit-mulai-rp-40-jutaan","Lelang 2 Unit Kijang Innova Pelat Merah, Limit Mulai Rp 40 Jutaan"
"110100415","2022-01-02","otomotif","https://otomotif.kompas.com/read/2022/01/02/110100415/tahun-baru-ini-harga-motor-bebek-januari-2022","Tahun Baru, Ini Harga Motor Bebek Januari 2022"
"104100315","2022-01-02","otomotif","https://otomotif.kompas.com/read/2022/01/02/104100315/daftar-daerah-yang-masih-terapkan-pemutihan-pajak-kendaraan-","Daftar Daerah yang Masih Terapkan Pemutihan Pajak Kendaraan "
"102100915","2022-01-02","otomotif","https://otomotif.kompas.com/read/2022/01/02/102100915/sering-mencampur-bahan-bakar-beda-oktan-pada-motor-ini-akibatnya","Sering Mencampur Bahan Bakar Beda Oktan pada Motor, Ini Akibatnya"
"100100015","2022-01-02","otomotif","https://otomotif.kompas.com/read/2022/01/02/100100015/jadwal-balap-motogp-musim-2022-gp-mandalika-digelar-20-maret","Jadwal Balap MotoGP Musim 2022, GP Mandalika Digelar 20 Maret"
"094100415","2022-01-02","otomotif","https://otomotif.kompas.com/read/2022/01/02/094100415/sim-mati-saat-tahun-baru-ada-dispensasi-besok-senin","SIM Mati Saat Tahun Baru, Ada Dispensasi Besok Senin"
"092100615","2022-01-02","otomotif","https://otomotif.kompas.com/read/2022/01/02/092100615/antisipasi-truk-odol-begini-cara-kerja-teknologi-wim-di-jalan-tol","Antisipasi Truk ODOL, Begini Cara Kerja Teknologi WIM di Jalan Tol"
"090100415","2022-01-02","otomotif","https://otomotif.kompas.com/read/2022/01/02/090100415/diduga-pelaku-tabrak-lari-massa-ngamuk-rusak-innova-di-medan","Diduga Pelaku Tabrak Lari, Massa Ngamuk Rusak Innova di Medan"
"084100715","2022-01-02","otomotif","https://otomotif.kompas.com/read/2022/01/02/084100715/update-harga-bbm-pertamina-shell-dan-vivo-per-januari-2022-shell-regular","Update Harga BBM Pertamina, Shell dan Vivo per Januari 2022, Shell Regular Dihapus"
"082100115","2022-01-02","otomotif","https://otomotif.kompas.com/read/2022/01/02/082100115/daftar-mobil-baru-yang-meluncur-di-indonesia-sepanjang-2021","Daftar Mobil Baru yang Meluncur di Indonesia Sepanjang 2021"
"080100215","2022-01-02","otomotif","https://otomotif.kompas.com/read/2022/01/02/080100215/produk-bbm-shell-regular-ron-90-resmi-dihapus-per-januari-2022","Produk BBM Shell Regular RON 90 Resmi Dihapus per Januari 2022"
"074100415","2022-01-02","otomotif","https://otomotif.kompas.com/read/2022/01/02/074100415/-populer-otomotif-pengendara-kena-tilang-dan-tangki-bensin-dikuras-dinilai","[POPULER OTOMOTIF] Pengendara Kena Tilang dan Tangki Bensin Dikuras Dinilai Berlebihan | Bahaya Jadi Lane Hogger | 13 Truk ODOL Terjaring Penegakan Hukum"
"072100615","2022-01-02","otomotif","https://otomotif.kompas.com/read/2022/01/02/072100615/mulai-rp-100-ribuan-simak-daftar-harga-tiket-motogp-mandalika-2022","Mulai Rp 100 Ribuan, Simak Daftar Harga Tiket MotoGP Mandalika 2022"
"070404915","2022-01-02","otomotif","https://otomotif.kompas.com/read/2022/01/02/070404915/penyelamatan-anjing-yang-terjebak-5-hari-di-tengah-tol","Penyelamatan Anjing yang Terjebak 5 Hari di Tengah Tol"
"130100823","2022-01-02","kolom","http://www.kompas.com/sains/read/2022/01/02/130100823/kulit-bayi-beruntusan-ketahui-penyebab-dan-cara-mengatasinya","Kulit Bayi Beruntusan, Ketahui Penyebab dan Cara Mengatasinya"
"093400426","2022-01-02","kolom","http://money.kompas.com/read/2022/01/02/093400426/evaluasi-bisnis-edutech-solusi-pendidikan-inklusif-di-indonesia","Evaluasi Bisnis EduTech Solusi Pendidikan Inklusif di Indonesia"
"080153310","2022-01-02","kolom","http://entertainment.kompas.com/read/2022/01/02/080153310/keajaiban-tahun-2022","Keajaiban Tahun 2022"
"202013766","2022-01-02","hype","https://www.kompas.com/hype/read/2022/01/02/202013766/sinopsis-kaget-nikah-episode-4-pertengkaran-andre-dan-lalita-semakin-sengit","Sinopsis Kaget Nikah Episode 4, Pertengkaran Andre dan Lalita Semakin Sengit"
"193054966","2022-01-02","hype","https://www.kompas.com/hype/read/2022/01/02/193054966/sejak-berpacaran-dengan-tissa-biani-dul-jaelani-banyak-pelajari-ilmu-baru","Sejak Berpacaran dengan Tissa Biani, Dul Jaelani Banyak Pelajari Ilmu Baru "
"190444366","2022-01-02","hype","https://www.kompas.com/hype/read/2022/01/02/190444366/sama-sama-nyaman-dengan-era-dulu-dul-jaelani-dan-tissa-biani-akhirnya","Sama-sama Nyaman dengan Era Dulu, Dul Jaelani dan Tissa Biani Akhirnya Berpacaran "
"184909166","2022-01-02","hype","https://www.kompas.com/hype/read/2022/01/02/184909166/terlalu-bucin-dul-jaelani-sering-lupakan-pekerjaan-dan-musik-demi-tissa","Terlalu Bucin, Dul Jaelani Sering Lupakan Pekerjaan dan Musik demi Tissa Biani "
"180857366","2022-01-02","hype","https://www.kompas.com/hype/read/2022/01/02/180857366/sebut-regi-datau-tak-royal-sejak-pacaran-ayu-dewi-aku-nyari-yang-setia","Sebut Regi Datau Tak Royal Sejak Pacaran, Ayu Dewi: Aku Nyari yang Setia"
"174203166","2022-01-02","hype","https://www.kompas.com/hype/read/2022/01/02/174203166/resolusi-2022-regi-datau-dan-ayu-dewi-ingin-liburan-dengan-teman-teman","Resolusi 2022 Regi Datau dan Ayu Dewi, Ingin Liburan dengan Teman-teman Tanpa Pasangan"
"170821466","2022-01-02","hype","https://www.kompas.com/hype/read/2022/01/02/170821466/tamat-the-red-sleeve-sukses-raih-rating-tinggi-di-episode-terakhir","Tamat, The Red Sleeve Sukses Raih Rating Tinggi di Episode Terakhir"
"170500766","2022-01-02","hype","https://www.kompas.com/hype/read/2022/01/02/170500766/kado-tahun-baru-gilang-dirga-umumkan-kehamilan-istri","Kado Tahun Baru, Gilang Dirga Umumkan Kehamilan Istri "
"164816966","2022-01-02","hype","https://www.kompas.com/hype/read/2022/01/02/164816966/raup-51-juta-penonton-konser-online-smtown-live-2022-pecahkan-rekor","Raup 51 Juta Penonton, Konser Online SMTOWN Live 2022 Pecahkan Rekor"
"161153366","2022-01-02","hype","https://www.kompas.com/hype/read/2022/01/02/161153366/selamat-istri-samuel-zylgwyn-umumkan-kehamilan-anak-kedua","Selamat, Istri Samuel Zylgwyn Umumkan Kehamilan Anak Kedua"
"154328766","2022-01-02","hype","https://www.kompas.com/hype/read/2022/01/02/154328766/ungkap-hal-tersedih-dalam-hidupnya-denada-lihat-aisha-kesakitan-tapi-enggak","Ungkap Hal Tersedih dalam Hidupnya, Denada: Lihat Aisha Kesakitan Tapi Enggak Bisa Berbuat Apa-apa"
"145911866","2022-01-02","hype","https://www.kompas.com/hype/read/2022/01/02/145911866/axel-djody-putra-ayu-azhari-mengaku-tak-mengenal-pelaku-pemukulnya","Axel Djody Putra Ayu Azhari Mengaku Tak Mengenal Pelaku Pemukulnya "
"145824366","2022-01-02","hype","https://www.kompas.com/hype/read/2022/01/02/145824366/ngidam-makanan-korea-raffi-ahmad-dan-nagita-slavina-borong-satu-truk","Ngidam Makanan Korea, Raffi Ahmad dan Nagita Slavina Borong Satu Truk"
"141944966","2022-01-02","hype","https://www.kompas.com/hype/read/2022/01/02/141944966/denada-sebut-mantan-suaminya-jerry-aurum-tetap-bantu-biaya-pengobatan","Denada Sebut Mantan Suaminya, Jerry Aurum Tetap Bantu Biaya Pengobatan Aisyah"
"135822066","2022-01-02","hype","https://entertainment.kompas.com/read/2022/01/02/135822066/siapa-rio-ramadhan","Siapa Rio Ramadhan?"
"133700666","2022-01-02","hype","https://www.kompas.com/hype/read/2022/01/02/133700666/kisah-perjuangan-denada-temani-anak-berobat-di-singapura-uang-pernah-sisa","Kisah Perjuangan Denada Temani Anak Berobat di Singapura, Uang Pernah Sisa Rp 200.000"
"132328066","2022-01-02","hype","https://www.kompas.com/hype/read/2022/01/02/132328066/jadi-korban-pemukulan-axel-djody-anak-ayu-azhari-alami-kerugian-fisik-dan","Jadi Korban Pemukulan, Axel Djody Anak Ayu Azhari Alami Kerugian Fisik dan Materi"
"123249266","2022-01-02","hype","https://www.kompas.com/hype/read/2022/01/02/123249266/axel-djody-putra-ayu-azhari-jadi-korban-pemukulan-diduga-oleh-anak-artis","Axel Djody Putra Ayu Azhari Jadi Korban Pemukulan, Diduga oleh Anak Artis Senior"
"120812366","2022-01-02","hype","https://www.kompas.com/hype/read/2022/01/02/120812366/dikabarkan-meninggal-dunia-rio-ramadhan-gue-masih-hidup-masih-sehat","Dikabarkan Meninggal Dunia, Rio Ramadhan: Gue Masih Hidup, Masih Sehat "
"114128566","2022-01-02","hype","https://www.kompas.com/hype/read/2022/01/02/114128566/jual-rumah-hingga-mobil-demi-pengobatan-anak-di-singapura-denada-tidak-ada","Jual Rumah hingga Mobil demi Pengobatan Anak di Singapura, Denada: Tidak Ada Kepahitan"
"112759566","2022-01-02","hype","https://www.kompas.com/hype/read/2022/01/02/112759566/foto-bareng-mendiang-julia-perez-tiba-tiba-muncul-di-ponselnya-maia","Foto Bareng Mendiang Julia Perez Tiba-tiba Muncul di Ponselnya, Maia Estianty Langsung Panjatkan Doa"
"111838666","2022-01-02","hype","https://www.kompas.com/hype/read/2022/01/02/111838666/kondisi-terkini-anak-denada-yang-idap-leukemia-sudah-bisa-sekolah","Kondisi Terkini Anak Denada yang Idap Leukemia, Sudah Bisa Sekolah"
"111119366","2022-01-02","hype","https://www.kompas.com/hype/read/2022/01/02/111119366/rio-ramadhan-kesal-dikabarkan-idap-penyakit-jantung-dan-meninggal-dunia","Rio Ramadhan Kesal Dikabarkan Idap Penyakit Jantung dan Meninggal Dunia "
"110114666","2022-01-02","hype","https://www.kompas.com/hype/read/2022/01/02/110114666/kekeyi-mengaku-sudah-setahun-tidak-berhubungan-dengan-mantan-kekasihnya-rio","Kekeyi Mengaku Sudah Setahun Tidak Berhubungan dengan Mantan Kekasihnya, Rio Ramadhan"
"103208366","2022-01-02","hype","https://www.kompas.com/hype/read/2022/01/02/103208366/hoaks-rio-ramadhan-dikabarkan-meninggal-dunia","[HOAKS] Rio Ramadhan Dikabarkan Meninggal Dunia"
"101200666","2022-01-02","hype","https://www.kompas.com/hype/read/2022/01/02/101200666/ingin-pertemukan-faisal-dan-doddy-sudrajat-ini-harapan-kak-seto","Ingin Pertemukan Faisal dan Doddy Sudrajat, Ini Harapan Kak Seto"
"095715966","2022-01-02","hype","https://www.kompas.com/hype/read/2022/01/02/095715966/ria-ricis-ungkap-alasan-jadi-youtuber-dan-awal-kedekatan-dengan-teuku-ryan","Ria Ricis Ungkap Alasan Jadi YouTuber dan Awal Kedekatan dengan Teuku Ryan "
"095712966","2022-01-02","hype","https://www.kompas.com/hype/read/2022/01/02/095712966/jerome-polin-mengaku-pernah-tersinggung-karena-sering-dicap-sebagai-orang","Jerome Polin Mengaku Pernah Tersinggung karena Sering Dicap sebagai Orang Aneh"
"093337466","2022-01-02","hype","https://www.kompas.com/hype/read/2022/01/02/093337466/vicky-prasetyo-bicara-soal-rumah-tangga-dengan-kalina-ocktaranny-hingga","Vicky Prasetyo Bicara soal Rumah Tangga dengan Kalina Ocktaranny hingga Pengalaman 24 Kali Menikah"
"092116366","2022-01-02","hype","https://www.kompas.com/hype/read/2022/01/02/092116366/berniat-mendamaikan-kak-seto-akan-pertemukan-doddy-sudrajat-dan-faisal","Berniat Mendamaikan, Kak Seto Akan Pertemukan Doddy Sudrajat dan Faisal"
"092029966","2022-01-02","hype","https://www.kompas.com/hype/read/2022/01/02/092029966/bicara-sembarangan-soal-penyebab-tumor-payudara-robby-purba-binaragawan","Bicara Sembarangan Soal Penyebab Tumor Payudara Robby Purba, Binaragawan Agung Satrio Minta Maaf"
"084511266","2022-01-02","hype","https://www.kompas.com/hype/read/2022/01/02/084511266/robby-purba-tuntut-klarifikasi-binaragawan-yang-bicara-sembarangan-soal","Robby Purba Tuntut Klarifikasi Binaragawan yang Bicara Sembarangan Soal Penyebab Tumor Payudaranya"
"081326166","2022-01-02","hype","https://www.kompas.com/hype/read/2022/01/02/081326166/populer-hype-wajah-pucat-laura-anna-jadi-sorotan-doddy-sudrajat-laporkan","[POPULER HYPE] Wajah Pucat Laura Anna Jadi Sorotan | Doddy Sudrajat Laporkan Marissya Icha"
"081026466","2022-01-02","hype","https://www.kompas.com/hype/read/2022/01/02/081026466/curahan-hati-laura-anna-sebelum-meninggal-merasa-tak-berguna-hingga-ungkap","Curahan Hati Laura Anna Sebelum Meninggal, Merasa Tak Berguna hingga Ungkap Kekecewaan pada Gaga Muhammad"
"080642266","2022-01-02","hype","https://www.kompas.com/hype/read/2022/01/02/080642266/kalina-ocktaranny-dikritik-netizen-usai-bagikan-percakapan-dengan-azka","Kalina Ocktaranny Dikritik Netizen Usai Bagikan Percakapan dengan Azka Corbuzier, Kenapa?"
"072100166","2022-01-02","hype","https://www.kompas.com/hype/read/2022/01/02/072100166/ibu-laura-anna-ungkap-ketakutan-terbesar-anaknya-usai-kecelakaan-dan-alami","Ibu Laura Anna Ungkap Ketakutan Terbesar Anaknya Usai Kecelakaan dan Alami Kelumpuhan"
"072004866","2022-01-02","hype","https://www.kompas.com/hype/read/2022/01/02/072004866/chef-devina-hermawan-siap-pasok-makanan-bergizi-untuk-timnas-indonesia","Chef Devina Hermawan Siap Pasok Makanan Bergizi untuk Timnas Indonesia"
"070100366","2022-01-02","hype","https://www.kompas.com/hype/read/2022/01/02/070100366/2-hari-sebelum-kecelakaan-laura-anna-sempat-ingin-putus-dari-gaga-muhammad","2 Hari Sebelum Kecelakaan, Laura Anna Sempat Ingin Putus dari Gaga Muhammad"
